Target,Predicted,Correct
अंक,एंक,False
अंक,अंक,True
अंकित,अंकित,True
अंकों,अनकों,False
अंकों,अंखों,False
अंकों,अंकों,True
अंकोर,अंगकर,False
अंकोर,अंकोर,True
अंगारक,अंगारक,True
अंगार,अंगरक,False
अंग्रज़,अंगराजी,False
अंग्रज़ी,अंग्रेजी,False
अंग्रज़ी,अंग्रजजी,False
अंतः,अंतह,False
अंतः,अंतह,False
अंतर्मुख,अंतरमखूख,False
अंतर्मुख,अंतमुख्र,False
अंतर्मु,अंतरमुख,False
अंद्रा,अंडरबी,False
अंद्रा,अंदरबी,False
अंधा,अंधा,True
अंधाप,अंधपन,False
अंधेरी,अंधेरी,True
अंबानी,अम्बान,False
अंबान,अमबनी,False
अकरम,अक्र,False
अकापुल्,एकाल्पो,False
अकापुल्क,अकापुरको,False
अखंड,अखां,False
अखिल,अखिल,True
अगवाई,अगवाई,True
अगवाई,अगवाई,True
अगस्टाइ,अजस्टून,False
अगस्टाइन,अगस्टस्स,False
अगस्ता,अस्गता,False
अगस्ता,अगुस्त,False
अगस्ता,अगुस्त,False
अग्र,अग्र,True
अग्र,अग्र,True
अचंभा,अचंभा,True
अचंभा,अचंभा,True
अचीवमेंट,अच्येंसी,False
अचीवमेंट,अचिवेमें,False
अच्छी,अच्छी,True
अच्छी,अच्छी,True
अच्,अछि,False
अच्युत,अछियूत,False
अछनेरा,अछानेर,False
अछनेरा,अचेनरा,False
अजमीढ,अजमीध,False
अजहर,अजहर,True
अजहर,अजहर,True
अजित,अजीत,False
अज्ञा,अग्नत,False
अज्ञात,अज्ञात,True
अज्ञात,अज्ञात,True
अटकता,अतकता,False
अटकता,अतकता,False
अटके,आतके,False
अटके,आतके,False
अटवाल,अतवाल,False
अटवाल,अतवाल,False
अट्टहास,अत्ताहा,False
अट्टहा,अत्थास,False
अट्टहा,अत्थास,False
अड्ड,एड्न,False
अथक,अथक,True
अथर्व,अथार्,False
अथर्व,अठवरा,False
अदद,अदद,True
अदाणी,अदानी,False
अदाणी,अदानी,False
अद्वैत,अद्वैत,True
अद्वै,अद्वत,False
अद्वैतवाद,अद्वैत्वा,False
अद्वैतवाद,अद्वैत्वा,False
अधिवास,अधिवास,True
अधिवास,अधिवास,True
अधिवास,अद्विव,False
अधीक,अधिक,False
अधीक,अधिक,False
अध्ययनरत,अध्यानरा,False
अध्ययनरत,अध्ययनरत,True
अध्ययनरत,अध्ययनर्,False
अनंत,अनात,False
अनंती,अनंती,True
अनगढ़,अंगढ़,False
अनगढ़,अंगरह,False
अनचाहे,अंचाहे,False
अनथक,अंठक,False
अनथक,उंठक,False
अनहोनी,अनोहनी,False
अनावश्यक,अनावश्यक,True
अनावश्यक,अनवाश्यक,False
अनावश्य,अनवश्यक,False
अनावश्यक,अनवास्थक,False
अनिक,अनिक,True
अनीश्वरवादी,अनिश्वर्वाद,False
अनीश्वरवादी,अनिश्वर्वाद,False
अनुकूलता,अनुकोल्थ,False
अनुकूलता,अनुकुलता,False
अनुकूलता,अनुकुलता,False
अनुचित,अनुचित,True
अनुप्रयोगो,अनुप्रयोगी,False
अनुप्रयोगो,अनुप्रोगों,False
अनुप्रयोगो,अनुप्रोगों,False
अनुरीत,अनुरीत,True
अनुरीत,अनुरित,False
अनूठी,अनुथी,False
अनूदित,अनुदित,False
अन्याय,अन्याय,True
अन्या,अन्यय,False
अन्या,अन्या,True
अपनानी,अपनानी,True
अपरिवर्तनशील,अपरिंंस्राली,False
अपरिवर्तनशी,अपरिवर्ंशील,False
अपरिवर्तनशी,अपरिवेशनचरी,False
अपरिहार्य,अपरिहार्य,True
अपरिहार,अप्रहिय,False
अपरिहार्,अप्रियरी,False
अपवर्तित,अपवर्तित,True
अपवर्तित,अपवर्तित,True
अपवर्तित,अपवत्रित,False
अपारदर्श,अपरार्शी,False
अपारदर्श,अपरार्शी,False
अफरोज,अफ्रो,False
अफरोज,अफ्रो,False
अफ्रीका,अफ्रिका,False
अब्बास,अब्ासी,False
अब्बास,अब्बसी,False
अभिमत,अभिमत,True
अभिशा,अभिषप,False
अभी,अभी,True
अमझेरा,अमझेरा,True
अमझेरा,अमजेरा,False
अमरगढ,अमरगद,False
अमरगढ़,अमरगढ़,True
अमरपाल,अमरपाल,True
अमरपाल,अमरपाल,True
अमरोही,अमरोही,True
अमरोही,अमरोही,True
अमानत,अमानत,True
अमानत,अमानत,True
अमानत,अमांथ,False
अमानती,अमानती,True
अमानत,अमानी,False
अमानती,अमानती,True
अमावस्य,अमावस्य,True
अमावस्,अमास्य,False
अमित,अमित,True
अमिताव,अमीताओ,False
अमिता,अमीतव,False
अमुक,आमुक,False
अमोघ,आमोघ,False
अम्बा,अमबनी,False
अयोध्यानाथ,अयोधियानाथ,False
अयोध्यान,अयोधियान,False
अयोध्याना,अयोध्यनाथ,False
अयोध्यान,अयोधियाठ,False
अरदा,आरास,False
अरदास,अर्दा,False
अरदास,आर्दस,False
अरबा,अरबब,False
अरबा,अरबब,False
अराउंड,अरौंंद,False
अर्जें,अरजेंट,False
अर्जेंट,यूर्जें,False
अर्थ,अर्थ,True
अर्थ,अर्थ,True
अर्थ,इर्थ,False
अर्थक्व,इर्थककक,False
अर्थों,आर्थों,False
अर्पित,अर्पित,True
अर्यमा,आर्यमा,False
अर्यम,आर्मा,False
अर्यम,आर्मा,False
अलंका,अलंकर,False
अलंका,अलंकर,False
अलंका,अलंकर,False
अलंकारों,अलंकारों,True
अलंकारो,अलंकरों,False
अलंकारो,अलंकरों,False
अलंकारो,अलंकरों,False
अलगाववादी,अलाववावाद,False
अलगाववादी,अल्गववादी,False
अलगाववादी,अल्गववादी,False
अलाइव,एलिवे,False
अलायं,एलांस,False
अलायंस,अलायंस,True
अलायंस,एलियंस,False
अलिंद,अलिंद,True
अली,अला,False
अली,आली,False
अली,अली,True
अलोंसो,एलोंसो,False
अलोंस,आलोसो,False
अल्फ़ा,अल्फेब,False
अल्ब,अलबा,False
अवंतिपुर,आवंतिपुर,False
अवंतिपुर,आवंतिपूर,False
अवरु,आवरू,False
अवर,अवृ,False
अवरु,आवार,False
अवरोधक,अवरोधक,True
अवरोधक,अवरोधक,True
अवरोधक,अवरोधक,True
अवर्णत,अवरनता,False
अवर्णत,अवरनता,False
अवर्णत,अवरंता,False
अवशिष्ट,आवशिस्त,False
अवशिष्ट,अवशिष्ट,True
अवशिष्,आविशित,False
अवस्थाएं,अवस्थाएं,True
अवस्थाएं,अवस्थाएं,True
अवस्थाएं,अवस्थाएं,True
अवस्थाएं,अवस्थाएं,True
अवि,आवी,False
अविका,अविका,True
अविरल,अविरल,True
अविरल,अविर्,False
अविश्वसनीय,अविश्वननीय,False
अविश्वसनी,अविश्वनीय,False
अविश्वसनीय,अविश्वनसीय,False
अविश्वसनीय,अविस्वानीय,False
अवीवा,अविवा,False
अवैज्ञानिक,अवैज्ञानिक,True
अवैज्ञानिक,अवैज्ञानिक,True
अवैज्ञानिक,आजेवेन्ञिक,False
अशक्तत,आशकतता,False
अशक्तता,अश्कतता,False
अशरफी,आशररी,False
अशरफी,आश्फा,False
अशरीरी,आशररीर,False
अशरीरी,अश्रीर,False
अश्वत्थ,अश्रतवा,False
अश्वत्थ,अश्वत्थ,True
असमान्य,असामान्,False
असमान्य,असामन्य,False
असमान्,असममने,False
असामंजस्,असामंजीय,False
असामंजस,असमाजसी,False
असामंजस्य,असमाजसिया,False
असुरक्षित,असुरक्षित,True
असुरक्षित,असुर्किषि,False
असेट,एसेट,False
असेट,एसेट,False
अस्वभाविक,अस्वभाविक,True
अस्वभाविक,अस्वाभावि,False
अस्वभाविक,अस्वभाविक,True
अहिरौली,अहिरौली,True
आइटम,इतेम,False
आइटम्स,इतेम्स,False
आइडल,इडले,False
आइडल,आइडल,True
आइसीसी,आईसीसी,False
आइस,इसो,False
आईपीसी,आईपीसी,True
आईपै,आपाड,False
आईरि,आरिस,False
आउं,ऑंस,False
आकाश,आकाश,True
आकाश,आकाश,True
आके,आके,True
आखेट,आखेत,False
आखेट,अखेत,False
आगत,आगत,True
आगमन,आगमन,True
आगमन,आजमा,False
आग़,आगा,False
आग़ा,आगाह,False
आग़,आघा,False
आगाशे,आगाशे,True
आगाशे,आगाशे,True
आगाशे,अगाशे,False
आजमाना,आजमाना,True
आजमाना,आजमाना,True
आजमाना,आजमाना,True
आटा,आता,False
आटा,आता,False
आटा,अत्,False
आत्माएं,आत्माएं,True
आत्माए,आत्में,False
आदान,आदान,True
आदान,आदान,True
आधारित,आधारित,True
आधारित,आधारित,True
आधारित,आधारित,True
आधीन,आधीन,True
आधीन,आधीन,True
आधुनिक,आधुनिक,True
आनद,आनद,True
आनद,आनं,False
आनद,अनं,False
आपका,आपका,True
आपका,आपका,True
आपदाएं,आपदाएं,True
आपदाएं,आपदाएं,True
आपदाएं,आपदाएं,True
आबंटित,अबांति,False
आबंटित,अबंतित,False
आबरू,आबरू,True
आबरू,अबार,False
आमदन,आमदा,False
आमदन,अमान,False
आमदनी,आमदान,False
आमदनी,अमदान,False
आमदी,आमदी,True
आमदी,अमदी,False
आमोद,आमोद,True
आमोद,अमोद,False
आयेंगे,आयेंगे,True
आयोजक,आयोजक,True
आर,रो,False
आरपी,आरपी,True
आराम,आराम,True
आरा,आरम,False
आरा,आरम,False
आरुषि,आरूशी,False
आरुषि,आरूशी,False
आर्टर,आर्टी,False
आर्डर,ओर्डर,False
आर्य,आर्य,True
आर्य,आर्य,True
आर्य,आर्य,True
आर्यिका,आरियिका,False
आर्यिक,आरियका,False
आर्य,आर्य,True
आर्य,आर्य,True
आर्यो,आर्यो,True
आर्यों,आर्यान,False
आर्य,आर्य,True
आर्यों,आर्यों,True
आलसी,आलसी,True
आलसी,अलास,False
आलोचक,आलोचक,True
आलोचक,आलोचक,True
आलोचकों,आलोचकों,True
आलोचकों,आलोचकों,True
आल्हा,आल्हा,True
आल्हा,आल्हा,True
आल्हा,अल्हा,False
आल्हा,अल्ला,False
आवाज़े,आवाजें,False
आवाज़े,आवाजें,False
आवाज़े,आवाजें,False
आवाज़े,आवाजें,False
आवाज़ो,आवाजों,False
आवाज़ो,आवाजों,False
आवाज़ो,आवाजों,False
आवाज़ो,आवाजों,False
आविष्कार,आविषाकार,False
आविष्कार,आविष्कार,True
आविष्का,अविष्कर,False
आवृत्,आवृति,False
आवृत्ति,आवृत्ति,True
आवृत्,अवूति,False
आवृत्तिय,आवृतियों,False
आवृत्तियों,आवृत्तियों,True
आवृत्तिय,अवृत्यों,False
आशंका,आशंका,True
आशंका,अशंका,False
आश्रितों,आश्रितों,True
आश्रितों,अश्रिटों,False
आसान,आसान,True
आसा,आसन,False
आसा,असन,False
आस्तिक,आस्तिक,True
आस्तिक,अस्तिक,False
आस्तीन,आस्तीन,True
आस्तीन,आस्तिन,False
आस्तीन,अस्टिन,False
आह्ना,आहनान,False
आह्न,आहनन,False
आह्न,अह्न,False
इंग्लैं,इंंगललड,False
इंजिनियर,इंजीनियर,False
इंट्रोडक्शन,इंटर्क्टोश्,False
इंश्योर,इंसररेस,False
इअ,ईर,False
इअर,ईयर,False
इआन,योन,False
इआन,आयन,False
इकट्ठा,इकत्ठा,False
इकट्ठा,इकट्ठा,True
इकठ्ठी,इक्ट्ठ,False
इकठ्ठ,एक्ठी,False
इकठ्ठी,इकट्ठी,False
इकाई,एकाई,False
इकाई,इकाई,True
इकाईयों,एकाइयों,False
इकाईयों,इकाइयों,False
इकाईयों,इकारियो,False
इकोनोमिक,इकोनोमिक,True
इक्वाड,इक्सोड,False
इक्वाड,यिक्वर,False
इक्विटीज,इक्यूटीज,False
इक्विटीज,किक्तिजा,False
इजाजत,इज़ाज,False
इजाजत,इज़ाज,False
इनहेलेशन,इंलाहिटो,False
इनहेलेशन,इंहेलेटो,False
इबीजा,इब्ज़,False
इबीजा,इबिजा,False
इमेजिंग,इमाइगिं,False
इम्युन,इम्यून,False
इलाइच,इलैची,False
इलाइची,इलाइची,True
इलाइची,इलायाच,False
इलाइची,इलाइया,False
इलाज,एलाज,False
इलाज,इलाज,True
इलाज,इलाज,True
इशाक,इशाक,True
इशाक,इशाक,True
इशाक,इशाक,True
इशारा,इशारा,True
इशारा,इशारा,True
इशारा,इशारा,True
इशिता,इशिता,True
इष्ट,इष्ट,True
इस्तीफे,इस्टीइम,False
इस्तीफे,इस्टिइफ,False
ईए,एई,False
ईए,आई,False
ईटर,इते,False
ईटर,आइट,False
ईमेल,इमेल,False
ईमेलो,इमलों,False
ईमेलो,इमलों,False
ईवनिंग,एविनंं,False
ईष्ट,एस्ट,False
ईष्ट,इशात,False
ईष्ट,इष्ट,False
ईसाइयों,इसाइयों,False
ईसाइयों,इसाइयों,False
ईसाइयों,इसाइयों,False
उखरुल,इखरलल,False
उखरुल,उखूरल,False
उखरुल,उखुल्,False
उछालन,उछलने,False
उछालन,उछाने,False
उज़्बे,जज्बेक,False
उज़्ब,उजबेक,False
उठने,उठान,False
उठने,उठने,True
उठाकर,उठाका,False
उठाकर,उठाका,False
उठापटक,उठापात,False
उठापटक,उठपातक,False
उठें,उठें,True
उड़ा,उदान,False
उड़ा,उदान,False
उड़ान,उड़ना,False
उड़ान,उड़ना,False
उड़ान,उदाने,False
उड़ान,उड़ने,False
उड़ाने,उदानें,False
उड़ाने,उदानें,False
उड़ानो,उदानों,False
उड़ानो,उदानों,False
उतने,उतान,False
उतने,उतने,True
उतने,उतने,True
उत्तर,उतारा,False
उत्तर,उत्तर,True
उत्पन,उत्पन,True
उदंत,उदां,False
उदघोष,उद्घो,False
उदर,उदा,False
उदा,उड़,False
उदा,उड़,False
उदाकिशुनग,उद्शिपुंग,False
उदाकिशुनगं,उद्यशींगंप,False
उनतीस,यूनीट,False
उनतीस,यूटीं,False
उनियाल,यूनियल,False
उपद्रवियों,उपदर्वीयों,False
उपद्रवियों,उप््रदेवों,False
उपद्रवियों,उपद्रवायिय,False
उपद्रवी,उपदर्वी,False
उपद्रवी,उपद्रवी,True
उपद्रवों,उपद्रवों,True
उपद्रवों,उपद्रवों,True
उपनेता,उपनेता,True
उपभोक्त,उपोोकता,False
उपभोक्त,उपोोकता,False
उपलक्ष,उपलक्ष,True
उपलक्ष्य,उप्कक्षय,False
उपलक्ष्य,उपलक्ष्य,True
उपलब्ध,उपला्द,False
उपलब्धियो,उपलाधियों,False
उपलब्धी,उपलाब्ध,False
उपाख्यानो,उपकाखिनों,False
उपाख्यान,उपकखियां,False
उबंटू,उबूते,False
उबाल,उबाल,True
उबा,उबल,False
उभारा,उभारा,True
उभार,उभरा,False
उमानाथ,उमानाथ,True
उमेश,उम्े,False
उर्फ,आर्फ,False
उर्फ,उरफा,False
उर्फ,आरफफ,False
उर्वरकों,उर्वारों,False
उर्वरकों,उर्वर्को,False
उर्वरकों,उर्वारों,False
उर्वरता,उर्वरता,True
उर्वरता,उर्वरता,True
उर्वरता,उर्वरता,True
उलटे,उलात,False
उलटे,उल्ट,False
उलाहना,उलाहान,False
उलाहन,उलाहा,False
उलेमा,उलेमा,True
उलेमाओं,उल्मेया,False
उसक,उसक,True
उसकी,उसकी,True
उसकी,उसकी,True
उसमें,उसमें,True
उसमें,उसमें,True
उसी,उसी,True
उस्तरा,उस्तरा,True
ऊर्ध्,उधर्व,False
ऊर्ध्,उध्रव,False
ऊर्ध्,उर्धव,False
ऊष्मा,उष्मा,False
ऋषिकुल,रिशिकल,False
ऋषिकुल,ऋशिकुल,False
ऋषिकुल,ऋषिकुल,True
एंजाइम,इंजजयम,False
एंटोन,एंटों,False
एंटोन,इंटोन,False
एंटोनी,अंतोनी,False
एंटोनी,एंटोनी,True
एंडोमेट्रि,एंडोनिटियम,False
एंड्रिय,एंड्रेस,False
एएलए,एल्स,False
एएस,एसी,False
एकसाथ,इक्सा,False
एकसाथ,इक्सथ,False
एकाक,एकाी,False
एक्सएम,एसएमएस,False
एगमो,एमगर,False
एगमोर,एजमोर,False
एज,जज,False
एजेंडे,एजेंडे,True
एडीपी,एडपीप,False
एडेन,अदान,False
एडेन,एडेन,True
एडे,एडन,False
एड्डी,अद्दी,False
एड्डी,एड्डी,True
एड्ड,एड्ड,True
एड्,एडी,False
एपीज,अप्ज,False
एफटी,फ्टी,False
एबट,अब्,False
एबट,अबू,False
एबट,एबट,True
एबीवी,अब्वी,False
एबोट,अब्ब,False
एबोट,अब्ब,False
एमटी,मतटा,False
एमटे,मटके,False
एमटेक,मेटीक,False
एमटेक,मेचेच,False
एमरल्ड,एमरलैड,False
एमरल्ड,इमलैड्,False
एमिल,इमिल,False
एमिल,एमिल,True
एमिल,एमिल,True
एमी,एमी,True
एमी,इमी,False
एयरवे,एयरवे,True
एयरवे,एयरवे,True
एयरवे,एयरवे,True
एरर,एरर,True
एरिका,अरिका,False
एरिका,एरिका,True
एरिका,एरिका,True
एरोबिक,एरोबिक,True
एरोबिक,एयरोबि,False
एलटी,टेले,False
एलटी,लीटी,False
एलर्जिक,एलेक्सि,False
एलिमिनेटर,एलिनिमिटर,False
एलियंस,एलिएनस,False
एलियंस,एलियाइ,False
एशियन,एसिया,False
एसएफसी,सीएफसी,False
एसके,सीएक,False
एसपीएफ,सीएफपी,False
एसोसिएशन,एसोसिएशन,True
एस्टर,अस्ता,False
एस्टर,एस्टर,True
एस्टर,एस्टर,True
एस्थेटिक,एस्थेेटि,False
एस्थेटिक,अस्थेटिक,False
एस्फाल,असफल्ट,False
एस्फाल्,अस्फल्ट,False
एस्फाल,असफल्ट,False
एहसास,आहसास,False
एहसास,एहसास,True
एहसास,एहसास,True
एेस,एसा,False
एेस,ईसा,False
ऐंठ,ऐंथ,False
ऐंठ,एंड,False
ऐंठ,इंथ,False
ऐंठे,ऐंथे,False
ऐंठे,इंठे,False
ऐठन,ऐंठ,False
ऐठन,इठन,False
ऐठन,इठन,False
ऐल,एल,False
ऐल,एल,False
ऐल्प्स,अल्प्स,False
ऐल्प्स,एल्प्स,False
ऐसे,एसे,False
ऑक्साइड,ऑक्सीइड,False
ऑक्सी,ऑक्सी,True
ऑफर्स,ऑफर्स,True
ऑफश,ऑफर,False
ऑफशो,ऑफरे,False
ऑफिशिय,ऑपिसिल,False
ओकलाहोम,ओकलोहाा,False
ओकलाहोम,ओक्लोहा,False
ओक्लाहो,ओक्लोहा,False
ओत,ओट,False
ओपेल,ओपेल,True
ओब्राय,ओब्ाेन,False
ओब्राय,ऑब्रेन,False
ओरण,ओरा,False
ओरियन,ओरियन,True
ओरियन,यरियन,False
ओलावृष्टि,ओलवरिस्थि,False
ओवम,ओवय,False
ओवम,वेय,False
ओशनिक,ऑक्नि,False
ओसाक,ओसका,False
औचित्,ऑचिटी,False
औचित्य,उछित्य,False
औद्योगिकरण,औध्योगिकरण,False
औद्योगिकरण,आद्योगिरका,False
औद्योगिकरण,औद्योग्रिक,False
औरंगाबाद,औररंगाबा,False
औरोरा,औरोरा,True
औलख,उला,False
कंकड़,कंकड़,True
कंकड,कनकर,False
कंकर,कंकड,False
कंकर,कनकर,False
कंगन,कंगा,False
कंजंक्शन,कंंस्यूच,False
कंटेम्परर,कंंट्रेयर,False
कंठहा,कंथहर,False
कंठह,कंघर,False
कंपोज,कंपोर,False
कंबलों,कंंबलो,False
कंबलों,कंंबों,False
कंसलटेंट,कंस्टलें,False
कक्कड़,कक्कड़,True
कक्कड,कक्कर,False
कच्चे,कच्चे,True
कच्चे,कच्चे,True
कटरा,कर्त,False
कटरा,कटार,False
कटलर,कटली,False
कटलरी,कटलार,False
कटलरी,कतलार,False
कटासराज,कटासराज,True
कठफोड़वे,कठपोड़ेव,False
कठफोड़वे,कठठोड़ेव,False
कठोर,कथोर,False
कठोर,कथोर,False
कणिका,कनिका,False
कत्थ,कथाई,False
कत्थई,कट्ठा,False
कत्थई,कट्ठा,False
कनवेंशन,कनवेंशन,True
कनाल,कैनल,False
कनाल,कनाल,True
कनाल,कनाल,True
कनिंघम,कनीनिम,False
कनिंघम,कैनिंह,False
कनिष्ठिका,कानिष्ठिक,False
कनिष्ठिका,काीश्षिता,False
कनिष्ठिका,कानिषिकता,False
कन्याएं,कन्याएं,True
कन्याएं,कन्याएं,True
कन्याएं,कन्याएं,True
कन्वेंश,कनवेंशन,False
कन्वोके,कन्वेशन,False
कप,सी,False
कप,कप,True
कपड़ा,कप्ड़,False
कपड़ा,कपड़ा,True
कपड़ो,कप्डो,False
कपड़ो,कप्डो,False
कपिंग,कैपिं,False
कपिंग,कपिंग,True
कपोलकल्पना,ककोपलल्पना,False
कबड्डी,कबाद्द,False
कब्र,कब्र,True
कब्र,कबरा,False
कब्रे,कबेेन,False
कब्रो,कबरों,False
कमज़ो,कमजोर,False
कमज़ोर,कामजोर,False
कमतर,कमता,False
कमतर,कमता,False
कमलजीत,कल्मजी,False
कमलजीत,कमलजीत,True
कमाऊ,कमाऊ,True
कमाऊ,कमाऊ,True
कमाते,कमाते,True
कमात,कमते,False
कमेरे,कमेरे,True
कमेरे,क्मेर,False
करंज,करंज,True
करंज,क्रं,False
करंजिया,करंजजीय,False
करघे,कर्द,False
करघे,कार्,False
करछना,करचचन,False
करछना,कर्चच,False
करना,करना,True
करपात्री,कर्पत्री,False
करम,करम,True
करूर,करूर,True
करूर,कारू,False
कर्नाटका,कर्णताका,False
कर्व,करवी,False
कर्वी,कुर्व,False
कलमें,कामेे,False
कलमें,कामेे,False
कलराज,कल्रज,False
कलिका,कालिक,False
कल्पनाओं,कल्पनाओं,True
कल्पनाओं,कल्पनाओं,True
कव्वालियों,कवववालियों,False
कव्वालियों,कवववालियों,False
कव्वाली,कवववाली,False
कव्वाली,क्ववाली,False
कष्टों,काष्टो,False
कसरत,कसरा,False
कसरत,कसरत,True
कसार,कसरा,False
कसीदा,कसीदा,True
कहने,कहान,False
कहने,कहने,True
कहलाया,कहलाया,True
कहानियों,कहानियों,True
क़िल,किले,False
कांजी,कांजी,True
कांट,कैंट,False
कांट,कांट,True
कांति,कंंटी,False
काकू,काकू,True
काकू,काकू,True
कागज़,कागाज,False
कागज़,कागाज,False
कागज,कागज,True
कागज,कागज,True
काजी,काजी,True
काजी,काजी,True
काजी,काजी,True
काजी,काजी,True
काजू,काजू,True
काजू,काजू,True
कापड़ी,कपाड़ी,False
कापड़,कप्डी,False
कामराज,कामराज,True
कामोत्तेजन,कामोटेजााा,False
कामोत्तेज,कामोटेजना,False
कायलान,कैलाना,False
कायलान,कायलाा,False
कार्की,कार्फी,False
कार्क,कर्की,False
कार्तिक,कार्टिक,False
कार्यकर्ताओं,कार्यकर्ताओं,True
कार्यकर्ताओं,कार्यकर्ताओं,True
कार्यकर्ताओं,कार्यकर्ताओं,True
कार्यभार,कार्याभर,False
कार्यभा,कार्यभर,False
कार्यरत,कार्यार,False
कार्यरत,कार्यरत,True
कालपी,कालपी,True
कालपी,कलापी,False
कालपी,कल्पी,False
कालिका,कालिका,True
कालीघा,कलीलेट,False
काल्डवे,कॉल्वेल,False
काल्डवे,कल्वलेड,False
काल्डवेल,काल्डवलल,False
काव,काव,True
काव,कवव,False
काश्त,काष्ट,False
काश्त,काष्ट,False
कासि,कसीम,False
कासि,कसिम,False
कासिमाबा,काीसिमाद,False
किया,किया,True
किलियन,किलिया,False
किल्ल,किल्ल,True
किल्,किली,False
किसानी,किसानी,True
किसान,किसनी,False
किसानो,किसनों,False
कीड़े,कीड़े,True
कीड़े,कीड़े,True
कीनोट,केनोट,False
कीनोट,किनोट,False
कीरतपुर,किरापुर,False
कुंडल,कुंडल,True
कुंडलिया,कुंडलिया,True
कुंडलियाँ,कुंडलियां,False
कुत्त,कुटता,False
कुपोषित,कुपोषित,True
कुमाऊ,कुमाऊ,True
कुमावत,कुमावत,True
कुमावत,कुमावत,True
कुरा,कुरल,False
कुर्मी,कुर्मी,True
कुर्सियो,कुरसियों,False
कुश,कुश,True
कुषाण,कुशान,False
कुषाण,कुशान,False
कुसुमलत,कुसमुला,False
कुसुमलता,कुसुमलता,True
कुसुमलता,कुसमूलता,False
कूट,कूट,True
कूट,कुट,False
कृतिका,कृतिका,True
केपी,केपो,False
कैंटरबरी,कंंबररार,False
कैंटरबर,कैंब्री,False
कैंडिडे,कंडिडेट,False
कैटरीना,कत्रिना,False
कैटलिन,कैटलीन,False
कैटलिन,कैटेलि,False
कैटलिन,कैटलीन,False
कैडमि,कैमिम,False
कैथोलि,कैथलिक,False
कैथोलिकों,कैथोलिकों,True
कैथोलिको,कैथलोकों,False
कैपेसिट,कैसिटरो,False
कैरेट,कार्ट,False
कैविटी,केविटी,False
कैवेलरी,केवलल्ी,False
कैवेलरी,कैवेयरा,False
कॉम्प्लेक,कंप्लेक्स,False
कोच्चि,कोच्ची,False
कोच्,कोची,False
कोरिडोर,कॉरिडोर,False
कोरोला,कोरोल्,False
कोरोला,कोोोला,False
कोलन,कोला,False
कोलन,कोलन,True
कोलन,कोलो,False
कोलिंग,कैलिंग,False
कोलिंग,कोलिंग,True
कोलोरा,कलरोडो,False
कोलोराडो,कोलोराडो,True
कौशल,कौशल,True
कौशलता,कौशलता,True
कौशलता,कौशलता,True
कौशाम्,कौषबंी,False
क्य,क्ट,False
क्यूट,क्वेट,False
क्य,काय,False
क्यूब,क्येक,False
क्यूबेक,क्वेबेक,False
क्यूब,क्यबब,False
क्रांतियो,क्रातियों,False
क्रिक,क्रिक,True
क्रिक,क्रिक,True
क्रिकेट,क्रिकेट,True
क्रिकेट,क्रिकटर,False
क्रिकेटिंग,क्रिकिटिंग,False
क्रियायोग,क्रियायोग,True
क्रिश्चयन,क्रिस्चिय,False
क्रूगर,क्रगजर,False
क्रेग,क्रैग,False
क्रेग,क्रेज,False
क्रैडल,क्रेडल,False
क्रो,क्रम,False
क्रोम,क्रोम,True
क्लांइट,क्लाइंट,False
क्लाक,क्लॉक,False
क्लासे,क्लाइन,False
क्लासे,क्लासन,False
क्लासो,क्लासन,False
क्ले,क्ले,True
क्लेरिस,क्लाइसर,False
क्लेरि,क्लीजर,False
क्लेरि,क्लेसर,False
क्वांटिक,क्वाटटिक,False
क्वींस,क्वींस,True
क्षितिज,क्षितिज,True
क्षित,शितिज,False
क्षीण,क्षिण,False
क्ष,शीन,False
क्षेत्रों,क्षेत्रों,True
क्षेत्रों,क्षेत्रों,True
खंडा,खांड,False
खंडा,खंडा,True
खचाखच,खच्चच,False
खजराना,खजराना,True
खजराना,खजराना,True
खजराना,ख़रजान,False
खटकती,खटकती,True
खटकती,खटकती,True
खटकती,किहतत,False
खट्टापन,खट्टानन,False
खत,खा,False
खनि,खान,False
खनिक,खनिक,True
खनिकर्म,खनीकार्,False
खनिकर्म,खनीकराम,False
खनिकर्म,खन्ीकरर,False
खपत,खाप,False
खरिया,खरिया,True
खलनायक,खलनायक,True
ख़ासक,खासकर,False
ख़ासक,खस्कर,False
ख़ासतौर,खास्तौर,False
ख़ासतौ,खस्तौर,False
ख़ैबर,खैबार,False
ख़ैब,खेबर,False
खाए,खें,False
खाए,खें,False
खाएं,खाएं,True
खाते,खाते,True
खाते,खाते,True
खाते,खाते,True
खाल,खाल,True
खिंचकर,खिंचकर,True
खिंचकर,खिंचकर,True
खिलान,खिलना,False
खींचकर,खिंचकर,False
खुदा,खुड़,False
खुदाई,खुडाई,False
खुरपका,खुरपका,True
खुरपका,खुरपका,True
खुरासा,खुरासन,False
खुशियां,खुशियां,True
खेने,खेने,True
खैनी,खैनी,True
खैरात,खैरती,False
खोईखोई,खोखेयो,False
खोया,खोया,True
गंगरेल,गंंगले,False
गंगाजल,गंजाजल,False
गंगाजल,गंगाजल,True
गंडकी,गंडकक,False
गंडकी,गंडकी,True
गंध,गंं,False
गंध,गंं,False
गए,गा,False
गए,गा,False
गजरा,गजजा,False
गजरा,गजजा,False
गडकर,गाड़,False
गणपति,गणपति,True
गणपति,गंपति,False
गतिशील,गतिशील,True
गतिशील,गतिशील,True
गतिशीलता,गतिशीलता,True
गदाधर,गद्धा,False
गम्मत,गमममत,False
गया,गाय,False
गरीबी,गरीबी,True
गर्जना,गर्जना,True
गलगंड,गालगं,False
गहमागहमी,गहमगाहिम,False
गहमागहमी,गेमहाग्म,False
गांगुल,गंगूली,False
गांठ,गांथ,False
गांठ,गंंथ,False
गांठे,गांथे,False
गांठे,गंंथे,False
गांठे,गेंथन,False
गांठों,गंंथों,False
गाएं,गाएं,True
गाएं,गाएं,True
गाज़,गाजी,False
गाजीपुर,गाजीपुर,True
गाजीपुर,गाजीपुर,True
गायत्री,गात्यरी,False
गायत्री,गायत्री,True
गायत्री,गायत्री,True
गिड़गिड़,गिड़गिसे,False
गिनते,गिनात,False
गिनते,गिंटे,False
गिरकर,गिरकक,False
गिरजाघर,गिरिजाघ,False
गिरजाघर,गिरजाघर,True
गिरजाघरों,गिरीगारों,False
गिरजाघरों,गिरजाारोो,False
गिरती,गिरती,True
गिरती,गिरती,True
गिरीश,गिरीश,True
गुआन,गुवा,False
गुजार,गुजार,True
गुजारता,गुजराता,False
गुजारत,गुजरता,False
गुजारते,गुजराते,False
गुजारत,गुजरते,False
गुजारना,गुजराना,False
गुजारन,गुजरना,False
गुजार,गुजरा,False
गुजार,गुजरे,False
गुट्ट,गुटता,False
गुठलीद,गतललार,False
गुठलीदा,गुतललार,False
गुदना,गुड़न,False
गुमान,गुमान,True
गुमान,गुमान,True
गुलशन,गुल्श,False
गूंगा,गुंगा,False
गृहनगर,गृहणाग,False
गृहनगर,गृहणगर,False
गैलेक्सि,गैल्केशन,False
गैलेक्सियों,गललाक्सिनों,False
गैलेक्सिय,गलल्क्सों,False
गोचर,गोचर,True
गोचर,गौचर,False
गोदारा,गोड़ाा,False
गोपीचंद,गोपीचंद,True
गोमके,गोमके,True
गोमके,गोमके,True
गोय,गोल,False
गोयल,गोयल,True
गोस्वामी,गोस्वामी,True
गोस्वामी,गोस्वामी,True
गोस्वामी,गोस्वामी,True
गौमुख,गुमुख,False
गौमुख,गोमुख,False
गौमूत्र,गुमात्र,False
गौमूत्र,गुमतुर्,False
गौमूत्र,गोजमुत्,False
ग्रंथियां,ग्रातियां,False
ग्रंथियां,ग्रांथिया,False
ग्रंथियों,ग्रांधियो,False
ग्रंथियों,ग्रेथनियो,False
ग्रीस्ट,ग्रीस्ट,True
ग्रीस्ट,ग्रेस्ट,False
ग्रीस्ट,ग्रिस्ट,False
ग्रेग,ग्रेज,False
ग्रेनाइ,ग्रेनेट,False
ग्रेनाइ,ग्रेनेट,False
ग्रैंडसन,ग्रांडों,False
ग्रॉस,ग्रोस,False
घटाटोप,घटाटपप,False
घटाटो,घटटटट,False
घटाया,घटाया,True
घटाया,घटाया,True
घनाका,घनकार,False
घबराहट,घ़्रहा,False
घासी,घासी,True
घिसाई,घिसाई,True
घिसी,घिसी,True
घिसे,घीसे,False
घुमक्कड़ी,घुमककाड़ी,False
घुमक्कड,घुमकक्ी,False
घुमक्कड़,घुमककाां,False
घुमक्कड़ो,घुमकककरों,False
घुमक्कड़ो,घुमकक्कों,False
घुमक्कड़ों,घुम्मककाडो,False
घुमाण,घुमान,False
घुमाण,घुमान,False
घूंसा,घूंसा,True
घूंसा,घुंसा,False
घोंघा,घोंघा,True
घोंटने,घोंटने,True
घोंटने,घोंटने,True
घोट,घोट,True
घोड़ी,घोड़ी,True
घोस्ट,घोस्ट,True
चंगुल,चंगुल,True
चंद,चां,False
चंदन,चंदन,True
चंदन,चंदन,True
चंदू,चंदू,True
चंदों,चंदों,True
चंद्रबली,चंद्रबलल,False
चंद्रमाओं,चंद्रमाओं,True
चकत्त,चकतते,False
चकत्त,चक्ते,False
चक्कर,चक्कर,True
चक्कर,चक्कर,True
चक्षु,चक्कु,False
चटगांव,चटागां,False
चटगांव,चटगाओं,False
चढ़ने,चढ़ने,True
चढ़ने,चढ़ने,True
चतुर्दिक,चतुर्दिक,True
चतुष्कोणीय,चतुन्कोशिय,False
चतुष्कोणीय,चतुक्षीयों,False
चतुष्कोणीय,चटुक्षियों,False
चन्न,चनना,False
चबाते,चबाते,True
चबूतरे,चातुबा,False
चबूतरे,चाबुत्,False
चमकना,चमकान,False
चमकना,चमकान,False
चरस,चार,False
चरित,चरित,True
चर्चा,चर्चा,True
चर्चा,चूर्च,False
चर्चाओं,चर्चाओं,True
चलेंगे,चेलेंज,False
चलेंगे,चिलेंज,False
चहुंओर,चहुनौु,False
चहुंओर,चाहूंस,False
चांवल,चानवल,False
चांवल,चावाल,False
चाचाजी,चच्छजी,False
चादर,चद़ा,False
चादरों,चादारो,False
चादरों,चाद्रो,False
चा,चन,False
चानन,चानन,True
चापलूस,चैपललस,False
चायल,चयया,False
चार,चार,True
चारों,चारों,True
चार्ज,चार्ज,True
चार्,चर्ट,False
चार्टों,चार्टों,True
चार्ट्स,चार्ट्स,True
चालित,चालित,True
चालि,चलित,False
चिकित्सक,चिकितससक,False
चिकित्सको,चिकतसककों,False
चिखली,चिखली,True
चिट्ठी,चिठ्ठी,False
चिट्ठी,चित्ठी,False
चिठ्ठी,चिठ्ठी,True
चिठ्ठी,चिठ्ठी,True
चिठ्ठी,चित्ठी,False
चिडचिडापन,चिड़चिड़प,False
चिड़चिड़ाप,चिड़चिड़पन,False
चिढ़ते,चिड़ते,False
चिढ़त,चिठते,False
चित्रकार,चित्रककर,False
चित्रकार,चित्रककर,False
चिपकने,चिपकान,False
चिपकन,चिपके,False
चिपकने,चिपकान,False
चिमटी,चिमती,False
चिमटी,चिमती,False
चिल्ल,चिलने,False
ची,ची,True
ची,ची,True
चुका,चुका,True
चुने,चुने,True
चूनर,चुना,False
चेंज्,चेंगड,False
चेट्टी,चेत्ती,False
चेन्नई,चेननाई,False
चेरो,चेरो,True
चेस्ट,चेस्ट,True
चैंपियनशि,चैमिपिशोप,False
चोर,चोर,True
चोरो,चोरो,True
चोरों,चोरों,True
चौक,चौक,True
चौक,चोक,False
चौका,चौका,True
चौका,चुका,False
चौकियां,चौकियां,True
चौकी,चौकी,True
चौखटे,चौखते,False
चौगुनी,चौगुनी,True
चौड़ा,चौड़ा,True
चौड़ा,चौड़ा,True
चौदहवां,चौदहवान,False
चौदहवा,चौधवान,False
चौदहवा,चौधवान,False
चौपाट,चौपति,False
चौपाट,छुपटी,False
चौपाल,चौपाल,True
चौरई,चौरा,False
चौसिंगा,चौसिंगा,True
चौसिंग,चौसिंह,False
छगन,छाग,False
छबि,छाब,False
छल्ल,छलला,False
छल्ल,छलला,False
छवियाँ,छाविया,False
छवियाँ,छाविया,False
छवी,छाव,False
छह,चे,False
छह,छा,False
छहों,चेहो,False
छहों,छाहो,False
छाई,छाई,True
छागल,छगला,False
छाजन,छाजन,True
छाती,छाती,True
छात,छती,False
छापेमार,छापामार,False
छापेमा,छेप्मर,False
छींक,छिंक,False
छींक,छिंक,False
छींक,चिंक,False
छींके,चेंके,False
छींके,छेकें,False
छींके,छिंके,False
छींके,छिंके,False
छींके,चिंके,False
छुडाने,छुड़ान,False
छुडाने,छुड़ने,False
छुपकर,छुपाक,False
छुपकर,छुपका,False
छुपकर,छुपकर,True
छुपता,छुपात,False
छुपता,छुप्त,False
छुपता,छुपता,True
छुरा,छुड़,False
छुरा,छुरा,True
छुरी,छुरी,True
छुरी,छुरी,True
छुरे,छूरे,False
छूटने,छूटने,True
छूटने,छुटने,False
छूटने,छुटने,False
छेत्,छेतर,False
छेत्र,छेत्र,True
छेत्,छेटर,False
छेत्री,छेत्री,True
छेत्री,छेत्रा,False
छेत्री,छेत्री,True
छै,चा,False
छै,छा,False
छै,छे,False
जगाएगा,जगाएगा,True
जगाएगा,जगाएगा,True
जगाएगा,जगाएगा,True
जगाएगा,जगाएगा,True
जगाएगा,जगाएगा,True
जजों,जजाा,False
जजों,जजजो,False
जड़,जाद,False
जड़,जाद,False
जड़ित,जड़्ड,False
जड़ित,जादेत,False
जड़ित,जैदेट,False
जड़ित,जड़ित,True
जड़ें,जादें,False
जड़ें,जादें,False
जतरा,जतार,False
जतरा,जात्,False
जताती,जताती,True
जताती,जताती,True
जताती,जताती,True
जनगणना,जनगनना,False
जनगणना,जननगान,False
जनगणना,जंगडनन,False
जनगणना,जांगनन,False
जनगणना,जनगंनन,False
जनजागरण,जनजारर्,False
जनजागरण,जनजागरर,False
जनजागरण,जनजारर्,False
जनवरी,जननूर,False
जनहानि,जनहानी,False
जनहानि,जनहानी,False
जनहानि,जनहानी,False
जनहानि,जनहानी,False
जनहानि,जनहानी,False
जमाती,जमाते,False
जमाती,जमाती,True
जमात,जमती,False
जमाया,जमाया,True
जमाया,जमाएय,False
जमाया,जमाया,True
जमाया,जमाया,True
जमुई,जमुए,False
जमुई,जमुए,False
जमुई,जमूई,False
जय,जा,False
जय,जा,False
जयदयाल,जैदायल,False
जयदयाल,जयायदल,False
जयदयाल,जयदयाल,True
जयबाण,जैबान,False
जयबाण,जैबान,False
जयबाण,जयबनन,False
जयललिता,जयललाता,False
जयललिता,जयलालित,False
जयललिता,जयललाता,False
जयललिता,जयलललात,False
जरख,जरर,False
जरख,जरक,False
जर्दा,जर्दा,True
जर्दा,जर्दा,True
जर्दा,जर्दा,True
जलगति,जलगती,False
जलगति,जलगती,False
जलगति,जलगती,False
जलते,जलते,True
जलभराव,जलभारव,False
जलभराव,जलगारव,False
जलभराव,जलवर्व,False
जलवायु,जलवायु,True
जलवायु,जलवायु,True
जलेसर,जलेसर,True
जसमीत,जसमीत,True
जसमीत,जस्मि,False
जस्स,जससी,False
जस्स,जससी,False
ज़मान,जमाना,False
ज़मान,जमाना,False
ज़मान,जमाना,False
ज़मान,जमाना,False
ज़लज़,जललजे,False
ज़लज़ल,जल्जले,False
ज़,जी,False
ज़ुबा,जुबान,False
ज़ुबा,जुबान,False
ज़ुबा,जुबान,False
जाँच,जांच,False
जाँच,जाउं,False
जाँच,जांच,False
जाँच,जॉनच,False
जागृति,जागरित,False
जागृति,जगरिती,False
जागृति,जगगरूत,False
जाजमऊ,जजमाऊ,False
जाजम,जजमा,False
जाजमऊ,जजमाऊ,False
जात,जात,True
जात,जाट,False
जातक,जातक,True
जात,जटक,False
जातकों,जाटकों,False
जातकों,जाटकों,False
जातकों,जटाकों,False
जातियों,जातियों,True
जातियों,जातियों,True
जानकारों,जानकारों,True
जानकारों,जानककरों,False
जानकार,जनककों,False
जानम,जानम,True
जानम,जन्म,False
जायके,जायके,True
जायके,जायके,True
जावर,जावर,True
जावर,जवार,False
जिंग,जिंग,True
जिन,गीन,False
जिन,जीन,False
जिन,जिन,True
जिनी,गिनी,False
जिनी,जिनी,True
जिनी,जिनी,True
जिनीवा,जेनेवा,False
जिनीवा,जेनेवा,False
जिनीवा,जिनिवा,False
जिप्सी,जिप्सी,True
जिम्मे,जिम्मे,True
जिया,जिया,True
जीआई,जीसी,False
जीआर,गीआर,False
जीएम,जीएम,True
जीएसएम,जीएमएम,False
जीतोड,ग्टोड,False
जीतो,ट्रो,False
जीतोड़,जीतोड़,True
जीतोड,जितोद,False
जीन,जिए,False
जीन,जीन,True
जीन,जिन,False
जीनों,जीनों,True
जीनों,जिनों,False
जीपनी,जीपनी,True
जीपनी,जिपनी,False
जीयो,जीयो,True
जीयो,जियो,False
जीयो,जियो,False
जीरा,जीरा,True
जीरा,जिरा,False
जीवंत,जीवंं,False
जीवंत,जीवंत,True
जीवन,जीवन,True
जीवन,जीवन,True
जीवन,जीवन,True
जीवन,जीवन,True
जीवनशैली,जीवनशाली,False
जीवनशैली,जीवनशाली,False
जीवनियां,जीविनाएं,False
जीवनिया,जीवनिया,True
जीवनियां,जीवनियां,True
जीवनियां,जीवनियां,True
जीवराज,जीवराज,True
जीवराज,जिवर्ज,False
जु,जू,False
जुए,जूए,False
जुए,जुए,True
जुटी,जुटी,True
जुटी,जूती,False
जुड़ा,जुडाई,False
जुड़ा,जुडाए,False
जुड़ा,जुडाई,False
जुदाई,जुडाई,False
जुदाई,जुडाई,False
जुनून,जूनून,False
जुनून,जुनून,True
जुनूनी,जूनूनी,False
जुनूनी,जुनननी,False
जुबेर,जुबैर,False
जुबेर,जुबेर,True
जुबेर,जुबेय,False
जुराब,जुराब,True
जुराब,जुराब,True
जुलाहों,जुलाहों,True
जुलाहों,जुलाहों,True
जुल्मों,जुल्मों,True
जुल्मों,जुल्मों,True
जूड,जूड,True
जूड,जुड,False
जूनागढ,जुनागढ,False
जूनागढ,जुनागढ,False
जूनियर,जननियर,False
जूलूस,जील्स,False
जूलूस,जूलूस,True
जूलूस,जुलूस,False
जेठा,जेठा,True
जेनर,जेनर,True
जेनरिक,जेनेरि,False
जेनरिक,जेनरिक,True
जेनरेट,जेनरेट,True
जेनरेट,जेनरेट,True
जेनी,जीनी,False
जेनी,जेनी,True
जेनी,जेनी,True
जेम्,जमेस,False
जेरेमी,जेरेमी,True
जेरोम,जरोमो,False
जेरोम,जरोमे,False
जैक्स,जैक्स,True
जैन,जैन,True
जैन,जेन,False
जैने,जैने,True
जैनो,जैनो,True
जैनों,जैनों,True
जैरी,जेरी,False
जैस्,जसपर,False
जॉगिंग,जोगिंग,False
जॉनसन,जोंसन,False
जॉब्स,जोब्स,False
जोकि,जॉकी,False
जोकि,जोकी,False
जोखिम,जोखिम,True
जोड़ता,जोड़ता,True
जोड़ता,जोड़ता,True
जोड़ता,जोर्ता,False
जोड़ियों,जोड़ियों,True
जोड़,जोडो,False
जौं,जान,False
ज्ञातव्,ज्ञात्व,False
ज्ञातव्,ज्ञात्व,False
ज्ञापित,ज्ञापित,True
ज्योतिबा,ज्योतिबा,True
ज्वाइ,जिइंट,False
ज्वा,ज्वर,False
ज्वार,ज्वार,True
ज्वारों,ज्वारों,True
ज्वारो,ज्वरों,False
ज्वारों,ज्वारों,True
ज्वेलर्स,ज्वालर्स,False
झ,झ,True
झ,झ,True
झलकती,झलकती,True
झलकती,झलकती,True
झल्ल,झलला,False
झांकन,झंकना,False
झांकन,झंकना,False
झील,झिल,False
झील,झिल,False
झीलों,झीलों,True
झीलों,झिलों,False
झुठला,झुठला,True
झुठला,झुलता,False
झुठलाने,झुठलेना,False
झुठलाने,झुठलेने,False
टंकार,टनकार,False
टंकार,टंंकर,False
टकरा,टाकर,False
टकरा,टकरा,True
टकरावों,तकाराओं,False
टकरावों,तक्रवों,False
टपकती,तापकत,False
टपकती,तापकत,False
टाइम,टाइम,True
टाइमर,टिइमर,False
टाऊ,ताओ,False
टाऊ,ताऊ,False
टापु,टाूू,False
टापुओ,तापुं,False
टापुओं,तापूवो,False
टाय,टीड,False
टायर्,टारेड,False
टायर्ड,टायरेड,False
टार्,टाचर,False
टार्,टर्च,False
टिक,टिक,True
टिप,टीप,False
टिप,टीप,False
टिप्पणीक,तिपनपीकर,False
टिप्पणीकार,तिप्पनीकार,False
टिवोली,तिवोली,False
टिवोली,तिवोली,False
टीकमगढ,टीकागम,False
टीकमगढ़,टीकागढ़,False
टीकों,टीकों,True
टीकों,टीकों,True
टु,ट्,False
टेंशन,टेंसि,False
टेनिस,टेनिस,True
टेनिस,टेनिस,True
टेस्,तस्े,False
टेस्ट,टेस्ट,True
टेस्टिं,टस्टिंग,False
टेस्टिंग,टेस्टिंग,True
टैनिन,तैनिन,False
टैनिन,टेनिन,False
टैनि,तनीश,False
टैनिस,टेनिस,False
टैबू,ताबू,False
टैबू,तैबू,False
टैबू,ताबा,False
टॉनिक,टोनिक,False
टोंगा,टोंगा,True
टोका,टोका,True
ट्यूजडे,ट्यूसेड,False
ट्यूनि,टुनिंग,False
ट्यूबरक्यूल,टार्बोल्सीस,False
ट्यूबरक्यूलोस,टार्कूबलल्सीस,False
ट्रक,ट्रक,True
ट्रांजिस्,ट्रांगटरर,False
ट्रांजिस्ट,ट्रांजसीटर,False
ट्रांजिस्,ट्रांसिटर,False
ट्रान्सफ,ट्रांसफर,False
ट्रिब्यु,त्रिबूनल,False
ट्रिब्यू,त्रिबूनल,False
ट्रिब्यून,ट्रियुबलन,False
ट्रुथ,त्रूथ,False
ट्र,टुथ,False
ट्रेडेड,ट्रेडेड,True
ट्रेबल,ट्राबल,False
ट्रेबल,ट्रेबल,True
ट्रेब,ट्रबल,False
ट्रैप,ट्रेप,False
ट्रैप,ट्रेप,False
ट्रॉट,ट्रोट,False
ट्रॉट,ट्रोट,False
ठक्कर,ठकककर,False
ठक्कर,ठकककर,False
ठहरने,ठहरान,False
ठहरने,ठहरान,False
ठहरने,ठहरेन,False
ठिकान,ठिकने,False
ठुमरी,थममार,False
ठुमरी,थूमरी,False
ठेंगा,ठेंगा,True
ठेंगा,ठेंगा,True
ठेंगा,ठेंगा,True
डगलस,डागल,False
डगलस,डॉग्,False
डभरा,दभार,False
डभरा,दभरा,False
डभोई,दभोई,False
डम,डम,True
डम,डू,False
डराते,दराते,False
डराते,दराते,False
डरावनी,दरवानी,False
डरावनी,दरवानी,False
डरावनी,द्रवान,False
डाउन,डॉवन,False
डाक,दाक,False
डाक,डाक,True
डाका,डाका,True
डाब,दबी,False
डाबोल,दबलिम,False
डायनास,डिनोसर,False
डायरीज,डायरिइ,False
डिट,डित,False
डिप्थीरिय,देप्थीरीय,False
डिप्थीरि,डिथेरिया,False
डी,डे,False
डीलरशिप,देलेषिप,False
डीवीसी,डीवीसी,True
डुबान,दुबना,False
डुबान,दुबना,False
डुबोन,दुबनो,False
डुलने,दूलने,False
डूंगरपु,दूनापुर,False
डूंगरपुर,दुनागपुर,False
डूंगरपुर,दुनगरपुर,False
डूंगरप,डांपरर,False
डूबना,दुबना,False
डूबना,दुबना,False
डेंजरस,डेंगरर,False
डेजी,दैसी,False
डेजी,दाजी,False
डेजी,देजी,False
डेप्यु,डिप्टी,False
डेविडसन,द्विद्स,False
डेविडसन,देविद्स,False
डेवी,दावे,False
डेवी,देवी,False
डेवी,डिवे,False
डेस्टिनेशन,डिस्टेनेशन,False
डैटसन,दातसो,False
डैटसन,दात्स,False
डैडी,डाड्,False
डॉर्,डर्क,False
डॉर्क,डोर्क,False
डोज,डोस,False
डोमेनिक,डोमेनिक,True
डोरंडा,डोरंंड,False
डोलने,डोलने,True
डोलने,डोलनन,False
ड्यु,दुआल,False
ड्यू,दुआक,False
ड्यू,डुके,False
ड्राम,ड्रेम,False
ड्रामे,ड्रामे,True
ड्रेजर,ड्रेजर,True
ड्रेजर,ड्रेजर,True
ड्रेजर,द्रेजर,False
ढकाल,धकाल,False
ढकाल,ढककल,False
ढकाल,धक्क,False
ढका,धकल,False
ढले,ढाल,False
ढूंढ,धूंध,False
ढूंढ,धुंध,False
ढूंढता,धूंधनत,False
ढूंढता,धुंधता,False
ढूंढता,धुंधता,False
ढूंढी,धूंधी,False
ढूंढी,धुंधी,False
तंजावुर,तंजावूर,False
तंजावुर,ठंजावूर,False
तंत्र,तंंतर,False
तंत्र,तंंत्,False
तंत्रिकाओ,तंतरिकाओं,False
तंत्रिकाओ,तंतरीकाओं,False
तंत्रों,टैंटरों,False
तंत्रों,तंंतरों,False
तगड़े,तागड़,False
तगड़े,टागेे,False
तड़ीपा,तादीपर,False
तड़ीपा,तादीपर,False
तनी,तान,False
तपन,ताप,False
तरफा,तरफफ,False
तरफा,तरफा,True
तरबगंज,तरबबगं,False
तरस,तार,False
तराश,तराश,True
तराश,तराश,True
तराशे,तराशय,False
तराशे,तराशे,True
तरीको,तारीक,False
तरीको,तारीक,False
तर्क,तार्,False
तर्कवाद,तर्कवाड,False
तर्कवाद,तर्कवाड,False
तर्कवा,तरकवाड,False
तर्को,टाकोो,False
तर्कों,तारकों,False
तलबगार,तलबागा,False
तलबगार,तलबागा,False
तलबगार,तलबागा,False
तलबगार,तलबागा,False
तलवे,तालव,False
तलवे,तालव,False
तलवों,तालवो,False
तलवों,तालवो,False
तहखाना,तहखाना,True
तहखाना,तहखाना,True
तहखाना,तहखाना,True
तांता,तांटा,False
तांता,तांटा,False
तांबे,तांबे,True
तांबे,टांबे,False
ताजा,ताजा,True
ताजा,ताजा,True
ताजा,ताजा,True
ताजा,ताजा,True
ताजा,ताजा,True
तानसेन,तांसें,False
तापमानों,तामापनों,False
तापमानो,तम्पोों,False
तापमानो,तम्पनों,False
ताप्त,तापति,False
ताप्त,तप्ति,False
ताराबा,तराबाई,False
तासीर,तसीीर,False
तासीर,तासिर,False
ताहि,ताही,False
ताहि,ताही,False
तिकोन,टिकोन,False
तिरूपति,तिरुपति,False
तिवारी,तिवारी,True
ती,टी,False
तीर,टीर,False
तीर,टीर,False
तीरों,टीरों,False
तीरों,तीरों,True
तीर्थाट,तीर्थनन,False
तुंगनाथ,टुनगाना,False
तुगलक,तुगला,False
तुगलक,तुगला,False
तुगलकाबाद,तुलंकााबा,False
तुगलकाबाद,तुलंगकाबा,False
तुगलकाबाद,तुल्लाबाद,False
तुगलकी,तुगलाक,False
तुगलकी,तुगलाक,False
तुगलकी,तुगलाक,False
तुफैल,टुफाइ,False
तेजाजी,तेजाजी,True
तेजी,तेजी,True
तेल,टेल,False
तेलों,टेलों,False
तो,टो,False
तो,टो,False
तौल,तौल,True
त्यौहार,त्योहार,False
त्यौहार,त्योहार,False
त्यौहार,त्योहार,False
त्यौहारों,त्याहारों,False
त्यौहारों,त्याहोरों,False
त्यौहारों,त्योहारों,False
त्रिजटा,त्रीजता,False
त्रिजटा,त्रिजता,False
त्रिया,त्रिया,True
त्रैमासिक,ट्रेमेकिक,False
त्रैमासिक,त्रिजिमिक,False
त्से,टेसे,False
थकी,ठाक,False
थकी,थकी,True
थर्टी,थारती,False
थर्टी,थिर्ट,False
थाणे,थाने,False
थानवी,ठांवी,False
थानव,ठंवी,False
थिएटरो,टीटरों,False
थिएटरों,ठीत्रों,False
थिएटर्,थिटर्स,False
थिये,टीटर,False
थियेटर,थिटेरे,False
थियेटर,टीटरों,False
थियेटरो,ठीत्रों,False
थियेटरो,थित्रों,False
थियेटर,थिटर्स,False
थियेटर्स,थिट्रर्स,False
थियेटर्स,थिइट्रर्,False
थिरके,ठिरके,False
थिरके,थिकरे,False
थीफ,थिफ,False
थेन,ठेन,False
थेनी,ठेनी,False
थैली,थैली,True
थैली,थैली,True
थैले,थाइल,False
दंग,डां,False
दंगा,दंगा,True
दंगों,डांगो,False
दंपति,दमपात,False
दंपति,दंपति,True
दंपतियों,दमपतियों,False
दंपतियों,दमपत्तिय,False
दंपतियों,दांपतियो,False
ददरेवा,दार्ेव,False
ददरेवा,दा्रेव,False
दमोह,दमहो,False
दरदरा,दर्दर,False
दरदरा,दर्दर,False
दरदरा,दूर्ध,False
दरमियान,दर्मिया,False
दरमियान,दर्मिया,False
दर्जनों,दर्जनों,True
दर्जनों,दर्जनों,True
दर्प,डर्प,False
दर्रा,दरारा,False
दलबदल,दल्दब,False
दलबदल,दलबद्,False
दली,दली,True
दस्ताना,दस्ताना,True
दस्ताना,दस्ताना,True
दस्तावेज,दस्तावेज,True
दहन,दान,False
दहल,दाह,False
दा,डी,False
दाखिल,दाखिल,True
दाखि,दखिल,False
दाखिले,दाखिले,True
दाखिल,दखिले,False
दाता,दाता,True
दाता,दाता,True
दादरी,दादरी,True
दानशील,दानशील,True
दानशी,दाशिल,False
दाभोलकर,दाभोलकर,True
दाभोलकर,दाभोलकर,True
दामल,डमले,False
दामल,डमले,False
दायित्व,दातिव्व,False
दायित्व,दातिव्व,False
दायित्,दाविता,False
दायित्वों,दायित्वों,True
दायित्वो,दायतितों,False
दारू,दरुल,False
दाव,दाव,True
दाव,दाव,True
दाव,दाव,True
दाव,द्व,False
दाह,दाह,True
दाह,दाह,True
दिखला,दिखला,True
दिखला,दिखला,True
दिखाइय,दिखाइय,True
दिखाइय,दिखाइय,True
दिखाई,दिखाई,True
दिखाई,दिखाई,True
दिखाई,दिखाय,False
दिखाई,दिखाई,True
दिखाई,दिखाई,True
दिखाईं,दिखाइन,False
दिखाई,दिखाई,True
दिखाई,दिखाई,True
दिखाईं,दिखाइए,False
दिखाय,दिखाई,False
दिखायी,दिखायी,True
दिखार,दिखाई,False
दिखार,दिखाए,False
दिखार,दिखाई,False
दिखार्,दिखायी,False
दिता,दीता,False
दिता,दिता,True
दिनांक,दिनांक,True
दिनांक,दिनांक,True
दिरहम,दीरहम,False
दिलाय,दिलाए,False
दिलाय,दिलाए,False
दिवानी,दीवानी,False
दिवानी,दिवानी,True
दिव्,दीवी,False
दिव्य,दिव्य,True
दिव्यता,दिव्यता,True
दिव्य,दिव्य,True
दीपन,दीपन,True
दीपन,दीपन,True
दीपन,दीपन,True
दीपसिंह,डिस्फिं,False
दीपसिंह,डिस्पिं,False
दीपिका,दीपिका,True
दीपिका,दिपिका,False
दीया,दीया,True
दीया,दिया,False
दुकानों,दुकानों,True
दुकानों,दुकानों,True
दुक्के,डुक्के,False
दुखन,दुखा,False
दुखित,दुखित,True
दुखियों,दुखियों,True
दुखों,दुखों,True
दुभाषियों,दुभाषियों,True
दुर्गुण,दुर्गुण,True
दुर्घटना,दुर्घनता,False
दुर्घटना,दूर्घ्ना,False
दुर्नीत,दुनरीती,False
दुर्नीति,दूर्निति,False
दुर्भिक्,दुर्भिष्,False
दुविधाएं,दुविधाएं,True
दुविधाएं,दुविधाएं,True
दुविधाएं,दुविधाएं,True
दुविधाएं,दुवैधाएं,False
दूने,दूने,True
दूरदर्शन,दूर्दर्श,False
दूरदर्शन,दूर्दररन,False
दृढ़,द्रा,False
दृढ़,दृद्,False
देखोगे,डेखोगे,False
देनेवाली,देनेवाली,True
देनेवाली,देनेवाली,True
देनेवाली,देनेवाली,True
देनेवाली,देनेवाली,True
देवना,डियनर,False
देवनार,देवनार,True
देवनार,देवनार,True
देवापुर,देवापुर,True
देवापुर,देवापुर,True
देवी,देवी,True
देवीसिंह,दीविसिंह,False
देवीसिं,देविसिन,False
देशकाल,देशकाल,True
देशका,देशकल,False
देशके,देशके,True
देसाई,देसाई,True
दोग,डोज,False
द्वादश,द्वादश,True
द्वादश,द्वासस,False
द्विवेदी,द्विवेदी,True
द्विवेदी,द्विवेदी,True
धंधे,ढंडे,False
धंधे,ढंंठ,False
धंधे,ढंधे,False
धंधों,धंंठो,False
धंधों,धंदों,False
धकेलते,ढकेलते,False
धकेलते,धकेलते,True
धटना,ढातन,False
धटना,ढातन,False
धनकुबेर,धनकुबेर,True
धनधान्,धनाध्य,False
धनधान्य,धंधनाया,False
धनधान्,धनंध्य,False
धनधान्,धनंध्य,False
धमकाता,धमकाता,True
धमकाता,धमकाता,True
धम्म,धम्म,True
धम्मा,धम्मा,True
धम्म,धममा,False
धर्मनाथ,धर्मनाथ,True
धर्मराज,धर्मराज,True
धर्मेश,धर्मेश,True
धस्मान,धसमाना,False
धस्मान,धसमाना,False
धाक,धाक,True
धा,ढक,False
धागा,ढागा,False
धागा,ढागा,False
धागा,ढागा,False
धातुएं,धातुएं,True
धातुएं,धातुएं,True
धातुए,ध्टूं,False
धारक,धारक,True
धारक,धराक,False
धारी,धारी,True
धारी,धारी,True
धुआ,धुन,False
धुनाई,धुनाई,True
धुनाई,धुनाई,True
धुरिया,धुरिया,True
धुरिया,धुरिया,True
धूनी,धुनी,False
धैर्यवान,धैर्यवान,True
धैर्यवान,धैर्यवान,True
धैर्यवान,धीर्यवान,False
धैर्यवान,धीर्यवान,False
धोखेबाज,धोकेबाज,False
धोखेबाज,धोकेबाज,False
धोखेबाज,धोकेबाज,False
धोखेबाज,धोकेबाज,False
धोखेबाज,धोखेबाज,True
धोखेबाज,धोखेबाज,True
धोना,ढोना,False
धोना,ढोना,False
धोराजी,धोराजी,True
धोराजी,धोराजी,True
धोरों,धोरों,True
ध्येयवादी,ध्यायावाद,False
ध्येयवादी,ध्यायवेदी,False
ध्येयवादी,द्यायवेदी,False
ध्रुप,धर्पद,False
ध्रुपद,द्रुपद,False
नंदनवन,नंंदवन,False
नक्सल,नादसा,False
नक्सल,नक्सल,True
नक्सल,नाक्स,False
नक्सलवाद,नक्सलावा,False
नक्सलवा,नक्सलाव,False
नक्सलवा,नक्सलाव,False
नक्सलवाद,नक्लवादा,False
नक्सलवाद,नक्लवाडा,False
नक्सलियों,नकसालियों,False
नक्सलियों,नक्सललियो,False
नक्सली,नकसाली,False
नक्सली,नक्सलल,False
नगाड़,नगाडा,False
नगाड़,नगाडा,False
नगाड़,नगारा,False
नगीने,नगीने,True
नगीने,नागने,False
नजरंदाज,नजरअंदा,False
नजरंदाज,नजरअंदा,False
नजरंदाज,नज़अंदा,False
नजरंदाज,नजरअंदा,False
नजरंदाज,नज़ांदा,False
नजराने,नज़ाने,False
नजराने,नाजरान,False
नजरियों,नजररियो,False
नजरियों,नज़रियो,False
नजरों,नजरों,True
नजीब,नजीब,True
नजीब,नजीब,True
नजीबाबाद,नजीबाबाद,True
नजीबाबाद,नजीबाबाद,True
नजीम,नजीम,True
नजीम,नजीम,True
नजीम,नजीी,False
नना,नान,False
नना,नान,False
नना,ननन,False
नन्हे,नाहेे,False
नन्हें,नाहेंं,False
नब्ज,नब्ज,True
नब्ज़,नब्जा,False
नब्ज,नब्ज,True
नमकीन,नमकीन,True
नमकीन,नमकीन,True
नरनारी,नरनारी,True
नरनारी,नरनारी,True
नरभक्षी,नर्भक्ष,False
नरम,नरम,True
नरम,नर्,False
नरमी,नर्म,False
नरसंहार,नरस्नार,False
नरसंहारों,नरस्नारों,False
नवंबर,नावबं,False
नवकेतन,नवकेटन,False
नवजागरण,नवजगारण,False
नवजागरण,नवजग्रण,False
नवधा,नववध,False
नववधू,वनवाद,False
नववधू,वनवव्,False
नवा,नवा,True
नवा,नवा,True
नवाते,नवाते,True
नवानगर,नवनगगर,False
नवानगर,नवनगार,False
नव्य,नव्य,True
नसीम,नसीम,True
नसीम,नसीम,True
नाइट्र,नाइट्स,False
नाइट्रस,निट्रोस,False
नाइनटी,नीटीजे,False
नाइनटीज,नाइटिन्,False
नाइनटीज,निंटीइस,False
ना,नौ,False
नाऊ,नौऊ,False
नाकाम,नाकाम,True
नाक,नकम,False
नागारिक,नाग्रिक,False
नागारि,नागरिक,False
नागारिक,नाग्रिक,False
नागिन,नागीन,False
नाडेप,नेडपप,False
नान,ननक,False
नानावत,नानवती,False
नापने,नापने,True
नापने,नापने,True
नापा,नापा,True
नाम,नाम,True
नामधारी,नामधारी,True
नामधार,नमधारी,False
नामांकनो,नममकानों,False
नामांकन,नमाकनों,False
नामावलियों,नामावलियों,True
नामो,नामो,True
नामो,नामो,True
नायक,नायक,True
नाराज,नराजी,False
नारायणगढ,नारांगढ़,False
नारायणगढ,नारयांंद,False
नारायणगढ़,नारायंगार,False
नासर,नासर,True
नाहरगढ,नारहगग,False
नाहरगढ,नारहगा,False
निकलेगी,निकलेगी,True
निकलेगी,निकलोगी,False
निकालनी,निकालनी,True
निकालनी,निकालनी,True
निकालन,निकलली,False
निकालन,निकलनी,False
निकी,निकक,False
निकी,निकी,True
निकी,निकी,True
निकेतन,निकेटन,False
निखर,निखर,True
निखरी,निखरी,True
निगर,निगा,False
निगर,निजर,False
निचला,निचला,True
निचला,निचला,True
निचला,निचला,True
नितियों,नितियों,True
नित्य,नित्य,True
नित्या,नित्या,True
निधान,निधान,True
निधा,निधन,False
निपटारा,निपतारा,False
निपटारा,निपतारा,False
निपटारा,निपतारा,False
निपटारा,निपतारा,False
नियंता,नियंता,True
नियंता,नियंता,True
निया,निया,True
निया,निया,True
निर्देशिका,निर्देशिका,True
निर्देशिका,निर्देशिका,True
निर्धारित,निर्धारित,True
निर्धारित,निर्धारित,True
निर्बाध,निर्बाध,True
निर्बाध,निर्बद्,False
निवेशकर्ता,निवेक्षरता,False
निवेशकर्ता,निवेक्षरता,False
निवेशकर्ता,निवेक्षरता,False
निश्चल,निश्लल,False
निश्चल,निश्चल,True
निष्णा,निश्नत,False
निष्पाप,निषपपाप,False
निहलानी,निहालनी,False
निहलानी,निहलानी,True
निहलानी,निहलानी,True
निहालचंद,निहालंंद,False
निहालचंद,निहलांंद,False
नीचाई,नीचाई,True
नीचाई,निचाई,False
नीट,नेट,False
नीट,नीत,False
नीतियों,नीतियों,True
नीतियों,नितियों,False
नीलगाय,नीलागा,False
नीलगाय,निल्जा,False
नीलाभ,नीलाभ,True
नीलाभ,निलाभ,False
नीलाभ,निल्भ,False
नुस्खे,नुस्खे,True
नून,नून,True
नून,ननन,False
नूबिया,नूबिया,True
नूबिय,नुबिि,False
नृत्यशैली,नृत्याशाल,False
नृत्यशैली,न्रत्याशा,False
नृत्यों,नृत्यों,True
नृत्यों,नृत्यों,True
नेको,नेको,True
नेको,नेको,True
नेक्टर,नेक्टर,True
नेग,नेग,True
नेग,नेग,True
नेटवर्किग,नेटवर्डिं,False
नेटो,नेटो,True
नेता,नेटा,False
नेमो,नेमो,True
नेल्सन,नेल्सन,True
नेल्सन,नेल्सन,True
नेशंस,नेटिं,False
नेहरा,नेहरा,True
नेहरा,नेहरा,True
नैनो,नैनो,True
नैनो,नानो,False
नैवेद,नैवेध,False
नैवेद,नवेेह,False
नैवेद्य,नेवेद्य,False
नॉमिनेट,नोमिनेट,False
नोकरी,नौकरी,False
नोकरी,नौकरी,False
नोकरी,नोकरी,True
नोकरी,नोकरी,True
नोट्स,नोटोस,False
नोरा,नोरा,True
नोरी,नोरी,True
नौने,नौने,True
नौवहन,नौवाह,False
नौशा,नौशद,False
पंचांग,पंचांग,True
पंचां,पंचंग,False
पंचां,पंचंग,False
पंजाब,पंंजब,False
पंजाबियो,पंजबियों,False
पंटर,पंतर,False
पंटर,पैंट,False
पंटर,पंंट,False
पकाएं,पकाये,False
पकाएं,पकाएं,True
पकाएं,पकाएं,True
पकाएं,पकाएं,True
पकौड़े,पकौड़े,True
पक्षपात,पक्षापत,False
पक्षपात,पक्षपात,True
पक्षपा,पक्षपत,False
पगबाधा,पगाबधा,False
पगबाधा,पगबाधा,True
पगला,पगाल,False
पगला,पगला,True
पचाता,पचाता,True
पचाता,पचाता,True
पटककर,पटकका,False
पटकथाएं,पटकठाएं,False
पटकथाएं,पटकठाएं,False
पटकथाएं,पतकथाएं,False
पटकी,पटकी,True
पटरानी,पतारणी,False
पटरान,पतरनी,False
पटवारी,पतावरी,False
पटवारी,पटवारी,True
पटाक्षेप,पताक्षेप,False
पटाक्,पाचेप,False
पटाक्षे,पतक्षेप,False
पटिया,पटिया,True
पटिया,पटिया,True
पडरौना,पदारूण,False
पडरौना,पदर्या,False
पड़ेग,पदेगा,False
पड़ेग,पदेगा,False
पढ़ा,पढ़ा,True
पढ़ा,पढ़ा,True
पढ़ाता,पढ़ाता,True
पढ़ात,पढ़ता,False
पतीली,पटिली,False
पदमावती,पदममवती,False
पदमावती,पद्मावत,False
पदमावती,पद्मावत,False
पदाधिकारी,पदाधिकारी,True
पनपना,पनपना,True
पनपना,पनपना,True
पनामा,पनामा,True
पनामा,पनामा,True
पनीर,पनीर,True
पम्म,पममी,False
पम्म,पामम,False
पम्मी,पम्मी,True
पम्मी,पम्मी,True
परदेसियों,पर्देसियो,False
परदेसी,पर्देस,False
परवा,परवा,True
परवा,परवा,True
परवा,परवा,True
परवा,परवा,True
पराधीन,पराधीन,True
पराधीन,पराधीन,True
पराधीन,पराधीन,True
पराधीन,पराधीन,True
परिकल्पि,परिकालित,False
परिमल,परिमा,False
परिषद,परिशा,False
परिषदीय,परिश्दी,False
परिषदीय,परिश्दि,False
परिषदों,परिशादो,False
परीक्षा,परिकाएं,False
परीक्षाएं,परिक्षाएं,False
परीक्षाएं,परिक्षाएं,False
परोसने,परोसने,True
परोसने,परोसने,True
पर्दा,पर्दा,True
पर्द,परदा,False
पर्पल,पुर्प,False
पलटने,पलतने,False
पलटने,पाटलन,False
पलारी,पलारी,True
पलारी,पलारी,True
पले,पाल,False
पल्मोनरी,पल्ोोनार,False
पल्मोनरी,पुलनोम्र,False
पल्स,प्लू,False
पल्स,पुल्,False
पश्तून,पश्तुन,False
पश्तून,पश्तुओ,False
पहन,पहा,False
पहन,पहन,True
पहनता,पहनता,True
पहनता,पहनता,True
पहनता,पहनते,False
पहनते,पहनात,False
पहनते,पहंते,False
पहनते,पहनते,True
पहनाकर,पहनकार,False
पहनाकर,पहनककर,False
पहनाकर,पहनाकर,True
पहनाती,पहनाती,True
पहनात,पहनती,False
पहनात,पहनती,False
पहनी,पहान,False
पहनी,पहनी,True
पहनी,पहनी,True
पहनो,पहनो,True
पहनो,पहनो,True
पहला,पहला,True
पहला,पहला,True
पहला,पहला,True
पहेलियां,पहेलियां,True
पहेलियां,पहेलियां,True
पहेलियों,पहेलियों,True
पाइड,पीड़,False
पाइड,पीयड,False
पाइथागोर,पिथोलगार,False
पाइथागोर,पिथोलगार,False
पाखंडी,पाखंडी,True
पाखंड,पखंडी,False
पाठशालाएं,पाठशालाएं,True
पाठशालाए,पठशालाएं,False
पाठशालाएं,पशठाालाएं,False
पाठ्यक्रम,पाठ्यकर्म,False
पाठ्यक्र,पाठयक्रम,False
पाठ्यक्र,पाठ्यकरम,False
पाठ्यक्रमों,पाठ्यकर्मों,False
पाठ्यक्रमो,पठ्यक्रमों,False
पाठ्यक्रमों,पाठ्यकर्मों,False
पापुलेशन,पोपललेशन,False
पायलट,पैलोट,False
पायलट,पिलोट,False
पायलटों,पैलोटों,False
पायलटों,पिलोटों,False
पारंपरिकत,पारंपकिता,False
पारंपरिकत,परंंपकिता,False
पारंपरिकता,परांपरिकता,False
पार्न,परेनल,False
पार्ने,पार्ेल,False
पार्लरों,पारलेरों,False
पार्लरो,पार्लों,False
पार्लरो,परलोरों,False
पार्षद,पररशाद,False
पार्ष,परशाद,False
पार्षदों,परर्शाों,False
पार्षदों,पर्शादों,False
पार्षदो,पर्शदों,False
पालिसी,पॉलिसी,False
पिंटा,पिंता,False
पिंटा,पिंता,False
पिएगा,पीएगा,False
पिएगा,पियेग,False
पिक,पिक,True
पिक,पिक,True
पिक,पिक,True
पिकी,पिकी,True
पिकी,पिकी,True
पिक्चर,पिक्चर,True
पिगमेंटेशन,पिंग्मेटें,False
पिग्स,पिइग्,False
पिछड़े,पिछड़े,True
पिछड़े,पिछड़े,True
पिज्जा,पिज्जा,True
पिज्जा,पिज़ाज,False
पितामह,पितामा,False
पिताम,पिताम,True
पिपरा,पिप्र,False
पिपरा,पिप्र,False
पिपली,पिपली,True
पियरस,पिरसन,False
पियरसन,पियरसन,True
पियरी,पीयरी,False
पियरी,पियरी,True
पिसाई,पिसाई,True
पिसाई,पिईसी,False
पिहानी,पिहानी,True
पिहानी,पिहानी,True
पीआ,पिब,False
पीआर,पीआर,True
पीएमएल,पीएमएल,True
पीएम,पोएम,False
पीएमसी,पीएचएच,False
पीएसवी,पीएसवी,True
पीकिंग,पीकिंग,True
पीकिंग,पिकिंग,False
पीटने,पीटने,True
पीटने,पिटने,False
पीडिया,पेड़िय,False
पीडिया,पीढ़िय,False
पीडिया,पीढ़िय,False
पीलेपन,पीलेपन,True
पीलेपन,पिलेपन,False
पीवी,पीवी,True
पीसा,पिसा,False
पुतला,पुतला,True
पुतला,पुतला,True
पुतलियां,पुटालिया,False
पुतलियां,पुटलियां,False
पुतलियों,पुतललियो,False
पुतलियों,पुतलियों,True
पुतली,पुतली,True
पुतली,पुटली,False
पुतले,पुतलल,False
पुतल,पुटल,False
पुतिन,पूटिन,False
पुतुल,पुटुल,False
पुनर्गठन,पुनर्गाथ,False
पुना,पुना,True
पुराने,पुराने,True
पुराने,पुराने,True
पुरू,पुरू,True
पुर्जों,पूर्जों,False
पुर्जों,पूर्जनं,False
पुलम,पुला,False
पुश्किन,पुष्किन,False
पुष्करण,पुष्करण,True
पुष्करण,पुष्करण,True
पुष्करण,पुष्करण,True
पुष्प,पुष्प,True
पुष्प,पुष्प,True
पुष्प,पुष्प,True
पुष्प,पुष्प,True
पुष्पित,पुष्पित,True
पुष्पों,पुष्पों,True
पूंजीकरण,पूंजीकरण,True
पूंजीकरण,पंंजीकरण,False
पूजापाठ,पूजापाठ,True
पूजापा,पूजापठ,False
पूजापा,पुजापथ,False
पूरनपुर,पूरपपुर,False
पूरनपुर,पुरापुर,False
पूर्वाभास,पूर्वाभास,True
पूर्वाभास,पूर्वाभास,True
पूर्वाभा,पूर्वभास,False
पूर्वाभा,पूर्वभास,False
पेंडुलम,पेंडुलम,True
पेंडुलम,पेंडुल्,False
पेग,पेग,True
पेजेज,पैजेस,False
पेजे,पजेज,False
पेस,पेस,True
पेस,पेस,True
पेस्ट्री,पास्ट्री,False
पैंगोलि,पंगोलिन,False
पैंगोलिन,पेंगोलिन,False
पैकर्ड,पैकर्ड,True
पैकेज,पैकेज,True
पैकेजो,कैंगें,False
पैकेजो,पैकोगन,False
पैकेजों,पकाज़ों,False
पैम,पैम,True
पैम,पाम,False
पैराट्रू,पारतूपरर,False
पैराट्रूप,पैररटरर्स,False
पैरानॉर,परणोोमल,False
पैरानॉर,पैरमोनर,False
पैराफि,परफीफन,False
पैराफि,पराफीन,False
पैराफिन,परराफिन,False
पैराबोल,पराबोला,False
पैराबोल,परेबोला,False
पॉलिमर,पॉलियर,False
पॉलिमर,पॉल्मर,False
पॉलिशिंग,पोलिशिंग,False
पोकर,पोकर,True
पोकर,पोकर,True
पोलिश,पोलिश,True
पोषित,पोशित,False
पोस्ता,पोस्टा,False
पौ,पा,False
प्यादे,प्यादे,True
प्रक्रिय,प्रक्रिय,True
प्रक्षेप,प्रक्षेप,True
प्रतिज्ञ,प्रतिज्ञ,True
प्रतिज्ञा,प्रतिज्ञा,True
प्रतिभूतियां,प्रतिभितियां,False
प्रतियों,प्रतियों,True
प्रतिवाद,प्रतिवाद,True
प्रतिवाद,प्रतिवाद,True
प्रतिवादी,प्रतिवादी,True
प्रतिशत,प्रतिशा,False
प्रनीत,प्रणीत,False
प्रनीत,प्राणि,False
प्रपात,प्रपात,True
प्रपात,प्रपात,True
प्रपातों,प्रपातों,True
प्रपातों,प्रपातों,True
प्रबोधिनी,प्रबोधीनी,False
प्रयासरत,प्रयास्त,False
प्रयासरत,प्रयासरत,True
प्रर्दशन,प्रदर्शन,False
प्रर्दशन,प्रदर्शन,False
प्रवत्त,प्रवाति,False
प्रवत्ति,प्रवत्ति,True
प्रशासनिक,प्रशासनिक,True
प्रशासनिक,प्रशासनिक,True
प्रशासनिक,प्रशासनिक,True
प्रशासनों,प्रशासनों,True
प्रशासनों,प्रशंसनों,False
प्रशासनों,प्रशासनों,True
प्रशिक्षु,प्रशिक्षु,True
प्रस्तावों,प्रस्तावों,True
प्रस्तावों,प्रस्तावों,True
प्रहलाद,प्रहलाद,True
प्रहलाद,प्रहलाद,True
प्रहसन,प्रहास,False
प्रहसन,प्रहास,False
प्रहारक,प्राहरक,False
प्रहारक,प्रारहक,False
प्रह्ल,प्रहाद,False
प्रह्ला,प्रहलाद,False
प्राइवेस,प्रिवाइी,False
प्राक्कथ,प्रकक्षण,False
प्राक्कथ,प्रकक्थन,False
प्रा,प्रण,False
प्रा,प्रण,False
प्राणो,प्रणों,False
प्राथमिक,प्रथामिक,False
प्राथमिक,प्रथामिक,False
प्राथमिकता,प्राथिमकता,False
प्राथमिकता,प्राथिमकता,False
प्राथमिकी,प्रथामिकी,False
प्राध्यापको,प्राध्यककों,False
प्राप्,प्रप्त,False
प्राप्त,प्रप्ता,False
प्राप्त,प्रप्ति,False
प्रार,प्रूप,False
प्रारू,प्रापु,False
प्रियामणि,प्रियानमी,False
प्रूफ,प्रूफ,True
प्रू,प्रफ,False
प्रेक्षको,प्रेक्षों,False
प्रेम,प्रेम,True
प्रेमलता,प्रेमलता,True
प्रेमा,प्रेमा,True
प्रेमी,प्रेमी,True
प्रॉफिट,प्रोफिट,False
प्रॉसेसिंग,प्रोसेसिंग,False
प्रोग्रामर्,प्रोग्रार्स,False
प्रोग्रामर्स,प्रोग्रामर्स,True
प्रोग्रामर,प्रोग्रा्स,False
प्रोटो,प्रोटो,True
प्रोपेलेंट,प्रोपललैंट,False
प्रोपेलें,प्रोपलेंट,False
प्रौढ,प्रौढ,True
प्रौढ,प्रौउ,False
प्लेन,प्लान,False
प्लेन,प्लेन,True
फंड,फुं,False
फंडा,फुंड,False
फंडिंग,फांडिं,False
फंदों,फांडो,False
फगुआ,फागा,False
फटने,फटने,True
फटने,फटनन,False
फटने,फटने,True
फड़फड़,फड़फाा,False
फड़फड़ा,फड़फड़ा,True
फतेहगढ़,फटीगाहं,False
फतेहगढ,फटेहरग,False
फब्ती,फब्ती,True
फब्ती,फब्ती,True
फरसे,फरसे,True
फरसे,फरसे,True
फरसे,फरसे,True
फरही,फरीन,False
फरहीन,फरीहन,False
फर्थ,फार्,False
फर्थ,फेरथ,False
फर्थ,फर्थ,True
फर्मिऑन,फर्मियन,False
फर्मिऑन,फर्मियन,False
फर्मिऑन,फर्याइन,False
फर्रुखा,फरोखबाद,False
फर्रुखाब,फररबखाड़,False
फर्रुखाब,फरुखाबाद,False
फर्रूखन,फरोखनचर,False
फर्रूखनग,फरोखरंंर,False
फर्रूखन,फरोखनचर,False
फलता,फलता,True
फलता,फललत,False
फलता,फलता,True
फलने,फलने,True
फलने,फलने,True
फलितार्थ,फलीत्राथ,False
फलितार्,फलीत्रह,False
फलीभूत,फलीभूत,True
फलीभूत,फलीभूत,True
फलीभूत,फलीभूत,True
फव्वार,फ़ववरा,False
फव्वा,फवारा,False
फव्वारे,फ़ववेरर,False
फव्वा,फाारे,False
फव्वारो,फ़ववरों,False
फव्वार,फाारों,False
फ़ैसल,फैसला,False
फ़ैसल,फैसला,False
फ़ॉल,फोलो,False
फांसी,फांसी,True
फांसी,फैंसी,False
फातमा,फतामा,False
फातमा,फत्मा,False
फाफ,फाफ,True
फाफ,फाफ,True
फारस,फरसी,False
फारसी,फॉर्स,False
फार्,फर्म,False
फार्म,फॉर्म,False
फार्मि,फर्मिक,False
फार्मिक,फॉर्मिक,False
फार्मूल,फॉरममेल,False
फार्मू,फर्मोल,False
फार्मू,फरमोले,False
फार्मेस,फरमाइपी,False
फार्म,फरममा,False
फार्मो,फर्मों,False
फार्,फर्म,False
फिंगर,फिंगर,True
फिक्र,फिक्र,True
फिजिशियन,फिजियिया,False
फिरती,फिरती,True
फिसला,फिसला,True
फिसला,फिसला,True
फीडर,फेडर,False
फुलाए,फुलाए,True
फुलाए,फुलाए,True
फुला,फुले,False
फूर्ति,फूर्ती,False
फूर्ति,फूर्ति,True
फू,फ़,False
फूस,फूस,True
फू,फ़,False
फेका,फेका,True
फेफड़ा,फेफाड़,False
फेफड़,फेफाा,False
फेशिय,फैसिल,False
फैक्ट,फैक्ट,True
फैडरल,फेडरल,False
फैलकर,फैलकर,True
फैलाइ,फैलाए,False
फैलाइ,फैलाए,False
फैलाइए,फैलाया,False
फैलाइ,फैलाए,False
फैलेगी,फैलेगी,True
फॉन्ट,फॉन्ट,True
फोगा,फोगत,False
फोगा,फोगत,False
फोड,फोड,True
फोड,फोड,True
फोड़ा,फोड़ा,True
फोड़ा,फोड़ा,True
फोड़ा,फोड़ा,True
फोड़े,फोड़े,True
फोड,फोड,True
फोड़ो,फोड़ो,True
फोड़ों,फोड़ों,True
फोड़,फोडो,False
फोर्टिस,फोर्टिस,True
फ्यूज,फ़सेन,False
फ्यू,फूजी,False
फ्यूजी,फ्यूजी,True
फ्रांसिस्का,फ्रांसिक्सा,False
फ्रांसिस्,फ्रांसिका,False
फ्रांसिस्,फ्रांसिका,False
फ्रांसिस्को,फ्रानसिकोको,False
फ्रांसिस्को,फ्रैंसिकोको,False
फ्रांसिस्,फ्रैंसिको,False
फ्रिंज,फ्रिंग,False
फ्रेंडशिप,फ्रेंशििम,False
फ्रॉस्ट,फ्रोस्ट,False
फ्लिन,फ्लाइ,False
फ्लिन,फ्लान,False
फ्लेश,फ्लेश,True
बंग,बैं,False
बंग,बंं,False
बंगबंधु,बंगबबंध,False
बंगभंग,बंगभंग,True
बंगश,बंगा,False
बंगश,बंगा,False
बंटने,बंंटन,False
बंटने,बनंतन,False
बंधती,बंधती,True
बंधती,बंंठी,False
बंधा,बंधन,False
बंधुओं,बंधुओं,True
बंबा,बांब,False
बंबा,मुंं,False
बकायों,बकायों,True
बकायों,बकायों,True
बकौल,बकौल,True
बकौल,बकौल,True
बक्स,बकसा,False
बक्स,बकसी,False
बक्स,बकसे,False
बख्शने,बख्शने,True
बख्शने,बख्शेन,False
बगड़,बगाद,False
बगड,बगद,False
बगीची,बगीची,True
बगीची,बगीची,True
बचत,बचा,False
बचती,बचात,False
बचती,बचती,True
बजना,बजना,True
बजरंगी,बजरंगी,True
बजाज,बजजज,False
बटालवी,बतलववी,False
बढ़ाचढ़ा,बाधचाध्र,False
बढ़ात,बद़ता,False
बढ़ाता,बढ़ाता,True
बढ़ात,बढ़ता,False
बढ़ाती,बढ़ाती,True
बढ़ात,बढ़ती,False
बढ़ाय,बढ़ाय,True
बढ़ाव,बढ़वव,False
बढ़ोतरी,बढ़ोतरी,True
बढ़ोतरी,बढ़ोत्र,False
बतलाए,बतलाई,False
बतलाए,बतलाए,True
बतलाए,बतलाई,False
बतलाए,बतलाए,True
बतलाकर,बतलाका,False
बतलाकर,बतलाकर,True
बदलापुर,बदलापुर,True
बदली,बदलल,False
बदली,बदली,True
बदाम,बद्म,False
बनवा,बनवा,True
बनवा,बनवा,True
बनाम,बनाम,True
बनाम,बनाम,True
बनाम,बनाम,True
बनिया,बनिया,True
बनू,बनन,False
बरपाय,बरपया,False
बरपाय,बरपया,False
बरसा,बरसा,True
बरसात,बरसता,False
बरसात,बरसता,False
बरसात,बरसता,False
बरहद,बरहद,True
बरात,बरात,True
बरात,बरात,True
बरात,ब्रा,False
बरामद,बरामद,True
बरामद,बरमाद,False
बरामद,ब्राम,False
बरामदे,बरमादे,False
बरामद,बरमदे,False
बरे,बार,False
बर्थ,बीर्,False
बलजीत,बलजीत,True
बलजीत,बलजीत,True
बल्लभ,बल्लभ,True
बल्ला,बल्ला,True
बल्ली,बललली,False
बसाव,बसवा,False
बस्तियों,बस्तियों,True
बहरूपिय,बहरूपीय,False
बहरूपिय,बहरिपीय,False
बहामा,बहमास,False
बहाम,बहमस,False
बहाव,बहवव,False
बहा,बहव,False
बहा,भाव,False
बहावलपुर,बहावलपुर,True
बहावलपुर,बहावलपुर,True
बहुचरा,बहुचार,False
बांठिया,बैंथिया,False
बांठिया,बंंठिया,False
बांधते,बंधाते,False
बांधते,बंंठते,False
बांब,बनबी,False
बांबी,बोंबी,False
बाउंसरो,बॉनसरों,False
बाउलिं,बोलिंग,False
बाक,बकु,False
बाकू,बक्ु,False
बाग,बाग,True
बाग,बाग,True
बाग,बाघ,False
बागबान,बबागनी,False
बागबान,बबगगनी,False
बागल,बगली,False
बागल,बगली,False
बागियों,बागियों,True
बागियों,बगगियों,False
बागो,बागो,True
बागो,बागो,True
बाज़,बजजी,False
बाज़,बाजी,False
बाजार,बाजरू,False
बाजार,बजारू,False
बाजुओ,बाजूं,False
बाध,बढ़,False
बाधा,बढ़ा,False
बाधाओं,बाधाओं,True
बाधाओं,बाधाओं,True
बाधाओं,बढााओं,False
बाधाओं,बढ़ाओं,False
बाधित,बाधित,True
बाधित,बढ़ित,False
बानी,बानी,True
बान,बनी,False
बापा,बापा,True
बापा,बापा,True
बापा,बापा,True
बापा,बापा,True
बाबत,बाबत,True
बाबत,बबात,False
बाब,बबत,False
बायर्,बेयरन,False
बायर्,ब्यून,False
बारह,बारह,True
बारहमासी,बारहासाी,False
बारहमास,बरहमसाी,False
बारहमास,बरहमसाी,False
बारहसिंग,बर्ीसंगग,False
बारहसिं,बरसींघा,False
बाल,बला,False
बाल्ट,बालती,False
बाल्,बलती,False
बाल्ट,बालती,False
बाल्डविन,बालद्वीन,False
बाल्डविन,बालद्वीन,False
बावजी,बावजी,True
बावजी,बाजजी,False
बावरा,बावार,False
बावरा,बावरा,True
बावरा,बवारा,False
बाहुल्य,बहुल्या,False
बाहुल्,बहुल्य,False
बाहुल्,बहुल्य,False
बाॅक्,बॉक्स,False
बिखेरती,बिखरेती,False
बिखेरती,बिखरेती,False
बिगेस्,बिजग्ट,False
बिछुआ,बिच्छ,False
बिछुआ,बिच्छ,False
बिजी,बीजी,False
बिजी,बस्य,False
बिजी,बुजी,False
बिपि,बिइन,False
बिलाई,बिलाए,False
बिलाई,बिलाई,True
बिल्ला,बिल्ला,True
बिल्ला,बिल्ला,True
बिल्हौ,बिलहहर,False
बिस्वा,बिस्वा,True
बिस्वा,बिस्वा,True
बीए,बाग,False
बीकाने,बिकनेर,False
बीकानेर,बिकनेरी,False
बीके,एीएी,False
बीजक,बीजक,True
बीजक,बीजक,True
बीफ,बीफ,True
बीम,बीम,True
बीम,बिम,False
बीमों,बीमों,True
बीमों,बीमोन,False
बीरगंज,बीरजगं,False
बीरगंज,बिरगंज,False
बीसवां,बीसवां,True
बीसवां,बीसवां,True
बीसवां,बीसवां,True
बीस्ट,बीस्ट,True
बुडविग,बुव्डि,False
बुडविग,ब्वांग,False
बुल,बुल,True
बुलाओ,बुलाओ,True
बुलाओ,बुलाओ,True
बुले,बुले,True
बुलेटिन,बुलेटीन,False
बृजेश,ब्रीज,False
बेंवर,बेनवव,False
बेंवर,बेनवर,False
बेऔलाद,बीयलाद,False
बेकाबू,बेकाबू,True
बेकाबू,बेकाबू,True
बेचकर,बेचाक,False
बेचकर,बेचकर,True
बेचते,बेचते,True
बेचते,बेचते,True
बेड़िया,बेडियां,False
बेथनल,बेठना,False
बेथनल,बेथनल,True
बेनिस,बेनिस,True
बेलचा,बेलचच,False
बेलचा,बेलचा,True
बेलिंडा,बेलींदा,False
बेवकूफाना,बेसीुचाना,False
बेवकूफाना,बेवकुफोाा,False
बेवकूफान,बेसुकोना,False
बेसहारा,बेसाहार,False
बेसहारा,बेसहारा,True
बेसि,बसीन,False
बेसिन,बेसिन,True
बेसि,बसील,False
बेसिल,बेसिल,True
बैंडे,बंदगे,False
बैंडे,बंदेज,False
बैठते,बैठनत,False
बैठते,बैठते,True
बैतूल,बैटूल,False
बैतूल,बैटुल,False
बैतूल,बेतुल,False
बैनी,बैनी,True
बैनी,बेनी,False
बैरकपुर,बैराकपु,False
बैरकपुर,बररककॉप,False
बैला,बैला,True
बैला,बेलल,False
बैलिस्टिक,बैलिस्टिक,True
बैल्स,बेल्स,False
बॉस्टन,बोस्टन,False
बॉस्टन,बोस्टे,False
बॉस्टन,बोस्टो,False
बोकारो,बोकारो,True
बोदरा,बोदरा,True
बोदरा,बोद्र,False
बोदरा,बोद्र,False
बोना,बोना,True
बोरकर,बोरका,False
बोरीवली,बोरिवाल,False
बोरीवली,बोरिवाल,False
बोर्न,बोर्न,True
बोलने,बोलने,True
बोलिए,बोलिय,False
बोलि,बोली,False
बोलिए,बोलिय,False
बोसा,बोसन,False
बोसा,बोसन,False
बौनी,बौनी,True
बौनी,बौनी,True
ब्यावर,ब्यावा,False
ब्यावर,ब्यावर,True
ब्रजेश,ब्रेजे,False
ब्रजेश,ब्रीजश,False
ब्रह्मलीन,ब्रह्मणील,False
ब्रह्मलीन,ब्रह्मणीन,False
ब्रह्मलीन,ब्रह्मणीन,False
ब्रावो,ब्रेवो,False
ब्रिगटन,ब्रागटन,False
ब्रिगटन,ब्रेटों,False
ब्रिगटन,ब्रिंटन,False
ब्रिगेडि,ब्रिगडिर,False
ब्रिटेन,ब्रिटनन,False
ब्रीद,ब्रीड,False
ब्रोक,ब्रॉक,False
ब्रोक,ब्रॉक,False
ब्रोक,ब्रोक,True
ब्रोकन,ब्रॉके,False
ब्रोकन,ब्रोके,False
ब्लॉस,ब्लोस,False
ब्लॉस,ब्लोस,False
भगाने,भगाने,True
भगाने,भागने,False
भड़काया,भड़काया,True
भड़काया,भड़काया,True
भड़काया,भड़काया,True
भड़काया,भड़काया,True
भड़काय,भरकाया,False
भड़काया,भरककाया,False
भभूत,भभूत,True
भभूत,भभभत,False
भय,भय,True
भय,भय,True
भयो,भाय,False
भरतनाट्यम्,भारतनामत्म,False
भरतनाट्यम्,भारतनात्मम,False
भरतनाट्यम्,भर्तनात्मम,False
भरते,भारत,False
भरते,भारत,False
भरनी,भरनी,True
भरनी,भरनी,True
भरने,भरने,True
भरने,भरने,True
भरा,भार,False
भविष्य,भविष्य,True
भाते,भाते,True
भाते,भाते,True
भानू,भानु,False
भाबर,भाबर,True
भारी,भरीी,False
भारी,भरीी,False
भावनाओ,भवनाओं,False
भावनाओं,भावनाओं,True
भास्क,भस्कर,False
भीड़,भीड़,True
भीरा,भीरा,True
भीरा,भीरा,True
भीष्,भीषम,False
भीष्,भिशम,False
भीष्म,भिश्म,False
भुगत,भुगत,True
भुगता,भुगता,True
भुगता,भूगता,False
भुट्टो,भूत्तो,False
भुमि,भूमि,False
भुरभुरा,भूरभुरा,False
भूख,भूख,True
भूख,भूख,True
भूखी,भूखी,True
भूखी,भुखी,False
भूगो,भोगल,False
भूगो,भोगल,False
भूतल,भूता,False
भूतल,भूतल,True
भूपसिंह,भूपिंंह,False
भूपसिंह,भूपसिंह,True
भूमी,भूमि,False
भूमी,भूमि,False
भूलता,भूलता,True
भूलता,भुलता,False
भूलता,भूलता,True
भूला,भूला,True
भूला,भुला,False
भूली,भूली,True
भूली,भूली,True
भूलो,भूलो,True
भूलों,भूलों,True
भूसी,भूसी,True
भूस्वाम,भूसवामी,False
भूस्वाम,भूसवामी,False
भूस्वामी,भुस्वममी,False
भेंगापन,भेंगापन,True
भैरवनाथ,भैरावना,False
भैरो,भैरो,True
भोगते,भोगते,True
भोगते,भोगते,True
भोला,भोला,True
भोली,भोली,True
भोलू,भोलू,True
भौंहों,भौहनों,False
भौंहों,भौनोंं,False
भौंहों,भूनोंं,False
भ्रांत,भ्रांत,True
भ्रांत,भ्रांत,True
भ्रांत,ब्रांट,False
भ्रांत,भृंतति,False
भ्रांति,भ्रांति,True
भ्रांति,ब्रांती,False
भ्रांतिया,भारणतियां,False
भ्रांतियां,भ्रांतियां,True
भ्रांतिय,भृंतियों,False
भ्रांतियो,भ्रातियों,False
मंगेश,मंगेश,True
मंच,मां,False
मंचित,मांचि,False
मंचीय,मंचीय,True
मंचीय,मंचीय,True
मंचीय,मंचिय,False
मंचों,मांचो,False
मंजिल,मंजजि,False
मंजिल,मंजजि,False
मंजिला,मंजीला,False
मंजिला,मंजीिल,False
मंजिलें,मांजीले,False
मंजिले,माजजीन,False
मंजिलें,मांजीले,False
मंटो,मातो,False
मंत्रियों,मंत्रियों,True
मकरान,मकरनी,False
मक्सद,मकसाद,False
मखदुमपुर,मखंदुपुर,False
मचाए,मचाए,True
मचाए,मचाए,True
मचाए,मचाए,True
मचानों,मचानों,True
मचानों,मचाननो,False
मचानो,मचानो,True
मचानों,मचानों,True
मढ़ौर,मदौरा,False
मढ़ौर,मधुरा,False
मढ़ौर,मधुरा,False
मणिपाल,मनिपाल,False
मतपत्रों,मत्तपरों,False
मत्थ,मैथे,False
मत्स्यावता,मतस्तवावार,False
मत्स्यावता,मतस्वयावार,False
मत्स्येंद्र,मस्यीद्रनाथ,False
मत्स्येंद्रना,मतस्सेंद्रनाथ,False
मधुपुर,मधुपुर,True
मनमर्जी,मनम्रीज,False
मनाए,मनाए,True
मनाए,मनाए,True
मनाए,मनाए,True
मम,मा,False
मम,मू,False
मयोर्का,मार्योक,False
मयोर्का,मायोर्क,False
मयोर्क,मायोका,False
मरदानी,मर्दान,False
मरदानी,मर्दनी,False
मरमर,मर्म,False
मरमर,मुरम,False
मराठा,मराठा,True
मराठी,मराथी,False
मर्जी,मार्ज,False
मर्दानगी,मर्दानगी,True
मर्दानग,मर्दंगी,False
मर्दों,मार्डो,False
मर्दों,मर्दों,True
मर्याद,मरियाा,False
मर्याद,मरियाा,False
मर्यादाओं,मर्यादाओं,True
मर्यादाओ,मर्यदाां,False
मलागा,माागा,False
मलार,मलार,True
मलार,मललर,False
मशरक,मश्र,False
मसालेदार,मसासेदार,False
मसालेदार,मसालेदार,True
मसालेदा,मसलेदार,False
मसूर,मसूर,True
मसूर,मसूर,True
मस्स,मसेस,False
महकने,महकान,False
महकने,महकने,True
महकने,महकान,False
महकने,मेकने,False
महलों,महलों,True
महलों,महलों,True
महाग्रं,महारंंठ,False
महाग्रं,महारंंठ,False
महाजन,महजान,False
महाजन,महजजन,False
महाथि,महतिर,False
महाथि,महतिर,False
महानतम,महानतम,True
महानत,महंतम,False
महानत,महंतम,False
महानिदेशक,महानिदेशक,True
महानिदेशक,महानिर्दे,False
महानिदेशक,महानिदेशक,True
महापौरों,महापुरों,False
महापौरों,माापौरों,False
महाप्रा,महाप्रण,False
महाप्रा,महाप्रण,False
महामंत्र,महामंत्र,True
महामंत्,महमंत्र,False
महामंत्,महमंत्र,False
महाराजा,महाराजा,True
महाविज्ञान,महाविज्ञान,True
महाविज्ञान,महाविद्ञान,False
महाविद्य,महाविद्य,True
महाविद्य,महाविद्य,True
महाविष्णु,महाविश्नु,False
महासिं,महसींह,False
महासिंह,महासिंह,True
महिपाल,महिपाल,True
महीन,महीं,False
महीनों,महीनों,True
मांग,मांग,True
मांग,मांग,True
मांगनी,मंगानी,False
मांगनी,मंगननी,False
मांगा,मांगा,True
मांग,मंगा,False
मांगी,मांगी,True
मांग,मंगी,False
मांगे,मांगे,True
मांग,मंंज,False
मांगो,मैंगो,False
माओर,मौरी,False
माजिन,माज़ी,False
माजिन,मजजीन,False
माथे,मेथे,False
माथे,मैथे,False
माप,माप,True
माप,मैप,False
माप,मोप,False
मामूली,मूमूली,False
मामूली,मामुली,False
मामे,मामे,True
मारवाड,मारवाद,False
मारवाड़,मार्वाड,False
मारवाड,मारवार,False
मारिया,मारिया,True
मारिय,मरिया,False
मारियो,मारियो,True
मारियो,मारियो,True
मारियो,मारियो,True
मार्,मर्थ,False
मालिश,मालिश,True
मालि,मलीश,False
माव,मेव,False
मावे,मेवे,False
मास,मास,True
मा,मस,False
मास,मास,True
मासो,मासन,False
मासो,मसों,False
मिटाओ,मिताओ,False
मिटा,मिता,False
मिठाई,मिठाई,True
मिठाई,मिथाई,False
मिडिया,मेडिया,False
मिथिला,मिथिला,True
मिथिलांच,मिथिनेलल,False
मिथ्य,मिथ्य,True
मिमिक्री,मिमिक्री,True
मिल्किय,मिलकियत,False
मिशा,मिशा,True
मुंगेर,मंंगरी,False
मुंडवा,मुंडवा,True
मुंडवा,मुंडवा,True
मुंशीगंज,मुनिषांज,False
मुकरते,मुक्रत,False
मुकरते,मुक्रत,False
मुखोपाध्या,मुखोपोधिया,False
मुखोपाध्याय,मुख्योकाादय,False
मुख्यमंत्री,मुख्यांत्री,False
मुना,मूनफ,False
मुनाफ,मूनफा,False
मुन्नू,मूनूनू,False
मुफलिसी,मूलफिसी,False
मुफलिस,मूल्सि,False
मुबारकपुर,मुबारकपुर,True
मुबारकपु,मुबरकपुर,False
मुर्झ,मूर्झ,False
मुल्ता,मुल्ता,True
मुल्ताई,मुल्ताई,True
मुशाहिद,मुशाहिद,True
मुहावरे,मुहावेर,False
मुहावरे,मुहावेर,False
मूठ,मूथ,False
मूठ,मूथ,False
मूड,मूड,True
मूड,मुड,False
मूडी,मूड़,False
मूडी,मूडी,True
मूल,मूल,True
मूल,मूल,True
मूलचंद,मूलचंद,True
मूलचंद,मुलचंद,False
मूलर,मूलर,True
मूलर,मूलर,True
मूलर,मूल्,False
मूलों,मूलों,True
मूलों,मूलों,True
मेक्सिको,मैक्सिको,False
मेक्सिको,मेक्सिको,True
मेगा,मेगा,True
मेगापिक्सल,मैग्ाेकलाप,False
मेगापिक्स,मैग्नेकलल,False
मेजबान,मेजबान,True
मेजबान,मेजबान,True
मेजबान,मेजबान,True
मेजबानी,मेजाबान,False
मेजबानी,मेजबानी,True
मेजबानी,मेजबानी,True
मेजबानी,मेजाबान,False
मेज़बा,मेजबान,False
मेज़बा,मेजबान,False
मेज़बा,मेजबान,False
मेज़बान,मेजबानी,False
मेज़बान,मेजबानी,False
मेज़बान,मेजबानी,False
मेट,माट,False
मेट,मेट,True
मेट्स,मैट्स,False
मेडीकल,मेडिकल,False
मेथेनॉ,मेथेनल,False
मेनू,मेनु,False
मेम,मेम,True
मेलघाट,मेलाघा,False
मेलघा,मेलाघ,False
मेलानि,मेलानन,False
मेलानिन,मेलानिन,True
मेलानी,मेलानी,True
मेलानी,मेलानी,True
मेहमा,महेमन,False
मेहमान,मेहमान,True
मेहमान,मेहमान,True
मेहमान,मेहमान,True
मेहमान,मेहमान,True
मेहराम,मेहरमम,False
मेहराम,मेहराम,True
मैकबु,मकबूक,False
मैट्रिक,मैट्क्स,False
मैट्रिक्स,मैट्रिक्स,True
मैड,मैड,True
मैड,मेड,False
मैड,मैद,False
मैडी,मद्द,False
मैडी,मैदी,False
मैन,मैन,True
मैन,मान,False
मैन,मेन,False
मैनन,मैनन,True
मैनन,मेनो,False
मैनर,मननन,False
मैना,मैना,True
मैने,मैने,True
मैरेज,मारेज,False
मैरेज,मैरिज,False
मैरेज,मेरेज,False
मैसाचुसेट्स,मैकासेस्ट्स,False
मैसाचुसेट्स,मैसेकेस्ट्स,False
मैसो,मैसो,True
मैसोर,मैसोर,True
मैसोर,माइसर,False
मॉड,मोड,False
मॉड,मोड,False
मॉडर्,मोडरन,False
मॉड्यू,मोडुले,False
मॉड्यूल,मॉड्ल्स,False
मॉड्यूल्स,मॉड्यूल्स,True
मॉरिशस,मॉरिशि,False
मॉरिशस,मॉरीशि,False
मोगली,मोगली,True
मोगली,मोगली,True
मोटिव,मोटीव,False
मोल,मोल,True
मोल्ड,मोल्ड,True
मोशे,मोशे,True
मोसा,मोसद,False
मोहान,मोहना,False
मोहान,मोहनी,False
मोहिनी,मोहिनी,True
मोहिम,मोहिम,True
मौकों,मौकों,True
मौमा,मौमा,True
मौर्य,मौर्य,True
मौर्या,मोर्या,False
मौर्य,मौर्य,True
मौर्यों,मौर्यों,True
मौर्यों,मोर्यों,False
मौलवियों,मौलवियों,True
मौलवियों,मौलविदों,False
मौलवियों,मौलवियों,True
मौले,मौले,True
मौले,मौले,True
मौसा,मौसा,True
यत्न,याटन,False
यत्न,यटना,False
यदा,याड,False
यदा,एडा,False
यदुवंश,यादुवं,False
यदुवंश,यादुवं,False
यरूशलेम,जेरुसलल,False
यरूशलेम,यरूरशील,False
यरूशलेम,ययरूशले,False
यशपाल,यश्पा,False
यशपाल,यासपा,False
यातना,यातना,True
यातन,यटना,False
यातनाओं,यातााओं,False
यातनाओ,यटनाओं,False
यात्रा,याराएं,False
यात्राए,यत्राएं,False
यात्राएं,यात्राएं,True
यारियां,यारियां,True
यारिया,यरियां,False
यारी,यारी,True
यारी,यारी,True
युग्म,युगाम,False
युग्म,युग्म,True
युद्धरत,युद्धरा,False
युद्धरत,युद्रात,False
यूक्रेनि,उक्सराइन,False
यूक्रेनिय,उक्रानियन,False
येरुशलम,जेरुसलल,False
यॉर्कर,योर्कर,False
योजनाएं,योजनाएं,True
योजनाएं,योजनाएं,True
योजनाए,योजनाए,True
रंगते,रंगते,True
रंगते,रंगते,True
रंजकता,रंगकता,False
रंजकता,रांझकठ,False
रंजकता,रांंकत,False
रईस,रीस,False
रईस,रेस,False
रक्ताभ,रक्ताभ,True
रक्ता,रक्तभ,False
रखना,रखना,True
रघुपति,रघुपति,True
रघुरा,रघुमर,False
रजिस्टर्ड,रेजिस्टर्,False
रजिस्टर्ड,रेजाइड्रे,False
रतनपुर,रतनपुु,False
रनर्स,रोन्र,False
रयान,रायन,False
रयान,र्या,False
रल्हन,रालहन,False
रविश,रवीश,False
रवैल,रवैल,True
रवैल,रेवल,False
रवैल,रवैय,False
रसद,रसा,False
रसायनिक,रसायायि,False
रसायनिक,रसायानि,False
रसायनिक,रसायानि,False
रसायनिक,रास्यान,False
रसायनों,रसायांं,False
रसायनों,रसायनों,True
रहमत,रहमत,True
रहमत,रहमत,True
रहमत,रहमत,True
रहेंगे,रेेंगे,False
रहेगी,रहेगी,True
राउंड,रांडर,False
राक,राक,True
रा,रक,False
राखे,राखे,True
राख,रखे,False
रागों,रागों,True
रागो,रगों,False
राघवन,रघावन,False
राज,राज,True
राज,रजज,False
राजकोट,राजकोट,True
राजतंत्र,राजतंत्र,True
राजनीतीकरण,राजनीतिकरण,False
राजनीतीकरण,राजनीतिकरण,False
राजनीतीकरण,राजनीतिकरण,False
राजमा,राजमा,True
राजमां,राजमान,False
राजस्व,राजसवा,False
राजस्व,राजसवा,False
राजी,राजी,True
राजी,राजी,True
राजीनामा,राजीनामा,True
राजीनामा,राजीनामा,True
राजों,राजों,True
राजों,राजों,True
राणा,राना,False
रात्रिचर,रातचिरचर,False
रात्रिचर,रातचिरार,False
राधे,राढ़,False
राधे,राढे,False
रानापु,राणपुर,False
राबि,रबीन,False
राबिन,रोबिन,False
राभ,रभा,False
रामकोट,रामकोट,True
रामकोट,रामकोट,True
रामटे,रामेट,False
रामपुर,रामपुर,True
रामभरोसे,रामाररेस,False
रामभरोसे,रामार्वे,False
रामराज,रामराज,True
रालोद,रालोद,True
रालोद,रालाउ,False
रालोद,रालोद,True
रावल,रवले,False
रावले,रावले,True
रासायनिक,रसायानिक,False
रिक्रिएश,रेक्शेशन,False
रिक्रिएश,रिक्रेशन,False
रिग,रिग,True
रिग्स,रिग्स,True
रिग्स,रिज्स,False
रिचुअ,रिचुल,False
रिचुअ,रिटूल,False
रिडक्शन,रेडिक्श,False
रिपन,रिपन,True
रिपन,रिपो,False
रिया,रिया,True
रिया,रिया,True
रिश्त,रिशते,False
रिश्ते,रिश्ते,True
रिसने,रिसने,True
रिसने,रिसने,True
रिसने,रिसने,True
रिहान,रिहना,False
रिहाना,रिहनान,False
रीगल,रेगल,False
रीगल,रिगल,False
रीजनल,रिसान,False
रीजनल,रिजाइ,False
रीट्वीट,रिटररेट,False
रीट्वी,रिवतीव,False
रीता,रीता,True
रीता,रिता,False
रुकते,रुकते,True
रुकते,रुकते,True
रुकते,रुकते,True
रुग्,रूगन,False
रुग्ण,रूग्न,False
रुग्णता,रूगंंता,False
रुग्णत,रूगनता,False
रुजवेल्ट,रोजेेल्ट,False
रुजवेल्,रूजेेेल,False
रुजवेल्ट,रूसेवेल्,False
रुडोल्फ,रोडोल्फ,False
रुडोल्फ,रूडफल्फ,False
रुडोल्फ,रूडोल्फ,False
रुपेश,रूपेश,False
रुपेश,रूपेश,False
रुबी,रूबी,False
रुमानी,रूमानी,False
रुमानी,रूमानी,False
रूकावटों,रुकावटों,False
रूट,रूट,True
रूट,राउ,False
रूटिंग,रूटिंग,True
रूटिं,रोटीन,False
रूटिंग,रोटिंग,False
रूट्स,रूट्स,True
रूट्स,रोटेस,False
रूपक,रूपक,True
रूपक,रुपक,False
रूपी,रूपी,True
रूपी,रूपी,True
रेंटल,रंंटल,False
रेंटल,रेंटल,True
रेगिस्तान,रेजिस्टान,False
रेगिस्ता,रेजसित्न,False
रेजा,रेजा,True
रेजा,रेज़,False
रेट,रात,False
रेत,रात,False
रेत,रेट,False
रेफेली,रिफाली,False
रेफेली,रेफेली,True
रेशे,रेशे,True
रेशे,रेशे,True
रेस,रेस,True
रेस,रेज,False
रेसर,रेसर,True
रेसर,रिसर,False
रेसिंग,रैसिंग,False
रेसों,रेसों,True
रेहान,रेहना,False
रेहान,रेहना,False
रैकेटिय,रकेटीटर,False
रैकेटियर,रैकेटीटर,False
रैकेटिय,रिक्टरे,False
रैडिकल,रडिकलल,False
रैडिकल,रैडिकल,True
रैथ,रैथ,True
रैपिंग,रपपिंग,False
रैपिंग,ररपिंग,False
रॉबर्टसन,रोबर्ट्स,False
रॉबर्टसन,रॉबर्ट्स,False
रॉबिंसन,रोबिंसन,False
रॉयल्स,रोयल्स,False
रोजलिन,रोजलली,False
रोजलिन,रोजलनन,False
रोटेशन,रोटेशन,True
रोड्रिगो,रोडिग्रो,False
रोनाल्ड,रोनालाड,False
रोनित,रोनित,True
रोनी,रोनी,True
रोपने,रोपने,True
रोपने,रोपने,True
रोपने,रोपने,True
रोबिन,रोबिन,True
रोया,रोया,True
रोलर्स,रॉलर्स,False
रोवन,रोवन,True
रोवन,रोवन,True
रोसारिय,रोसरियो,False
रोसारियो,रोसरियों,False
रौबदार,रौबदार,True
रौबदार,रौबदार,True
रौबदार,रौबद्र,False
लंगड़,लंदरा,False
लंगड़ा,लांगड़,False
लंगड़ा,लांगड़,False
लंगर,लंंग,False
लंगरों,लंंगों,False
लंगरों,लंंगों,False
लंबी,लांब,False
लकीर,लकीर,True
लकीर,लाकि,False
लकीरों,लाकीरो,False
लक्म,लक्े,False
लक्ष्मीधर,लक्ष्मीधर,True
लक्ष्मीधर,लक्ष्मीघर,False
लक्ष्य,लक्ष्य,True
लक्ष्य,लक्ष्य,True
लक्ष्यों,लक्ष्यों,True
लक्स,ल्क्,False
लक्सर,लक्सर,True
लक्सर,ल्कोस,False
लख्खी,लख्खी,True
लगना,लगना,True
लगनेवाले,लगानेवाल,False
लगनेवाले,लगनेवाले,True
लगनेवाले,लगनेवाले,True
लगेगा,लगेगा,True
लज्जालु,लज्जालू,False
लटकाते,लाटकते,False
लड़की,लड़की,True
लड़ते,लड़ते,True
लड़ते,लड़ते,True
लड़ा,लडाई,False
लड़ाई,लड़ाई,True
लड़ाईयों,लड़ाइयों,False
लड़ाईयों,लड़ाएयों,False
लड़ाईयों,लड़ाइयों,False
लपेटने,लापनेट,False
लपेटने,लापनेट,False
लबादा,लाबाा,False
लबादा,लबड़ा,False
लब्ध,ला्भ,False
लब्ध,ब्ल्,False
ललक,लाल,False
ललकारता,लालकरता,False
ललकारता,लाक््रा,False
लल्ल,लाला,False
लवासा,लावसा,False
लवासा,लोवास,False
लस्स,लासी,False
लहना,लहना,True
लहना,लहना,True
लहना,लहना,True
लहराई,लहराई,True
लहराई,लहराई,True
लहराई,लेरही,False
लहलहात,लहलहही,False
लहलहाती,लहलहहात,False
लहलहात,लहलहही,False
लहसुन,लहसून,False
लहसु,लसून,False
लांचर,लांचर,True
लांच,लॉनर,False
लाइकोपि,लाइकनेन,False
लाइम,लाइम,True
लाइव्,लिवेस,False
लाईव,लिवे,False
लाएगी,लाएगी,True
लागाता,लगातार,False
लागात,लगातर,False
लाता,लाता,True
लाता,लाटा,False
लाती,लाती,True
लाती,लाटी,False
लायेगा,लायेगा,True
लालपुर,लालपुर,True
लास,लास,True
लास्ट,लास्ट,True
लिंगभे,लिंदेह,False
लिंगभे,लिंगेड,False
लिंडन,लिंडन,True
लिंडन,लिंडन,True
लिंडन,लिंडो,False
लिखकर,लिखकक,False
लिखकर,लिखकक,False
लिगर,लिगा,False
लिगर,लिजर,False
लिबरेशन,लाइब्रे,False
लिबरेशन,लाइब्रे,False
लिब्रेशन,लाइब्रेश,False
लिब्रेशन,लाइब्रेश,False
लीडरों,लीडेरो,False
लीडरों,लीड़रो,False
लीडरों,लिडारो,False
लीडरों,लिइदरो,False
लुई,लूई,False
लुई,लूस,False
लुढ़कते,लुढ़कते,True
लुढ़कते,लुढ़कते,True
लुढ़कते,लुखराते,False
लुत्,लूटफ,False
लुमडिं,लुडिंग,False
लूटमार,लूटमार,True
लूटमार,लूटममर,False
लेंड,लंडल,False
लेंडल,लेंडल,True
लेगा,लेगा,True
लेगा,लेगा,True
लेटकर,लीटकक,False
लेटकर,लेटकर,True
लेनेवाली,लेनेवाली,True
लेनेवाली,लेनेवाली,True
लेबल,लाबल,False
लेबलिंग,लेबलिंग,True
लेबलिंग,बललेलिं,False
लेबलों,लेबललो,False
लेबलों,लेबललो,False
लेबलों,लेलबों,False
लेमन,लेमो,False
लैंगडन,लैंगडा,False
लैंगडन,लांगडो,False
लैंगडन,लेंगडन,False
लैंगिकत,लैगिकता,False
लैंगिकत,लैंगिका,False
लैंसे,लेसेट,False
लैंसेट,लेसेेट,False
लैरी,लैरी,True
लैरी,लेरी,False
लैरी,लारी,False
लैस,लेस,False
लैस,लेस,False
लॉकेट,लाकेट,False
लॉन्ड्,लॉडेंी,False
लोंगोवाल,लोंगेवाल,False
लोंगोवाल,लोंगेवाल,False
लोंगोवाल,लोगोनेवल,False
लोग,लोग,True
लोगे,लोजे,False
लोचदार,लोच्ड़,False
लोदी,लोडी,False
लौरेंस,लारेंस,False
लौरेंस,लॉरेंस,False
लौरेंस,लॉरेेस,False
वंडर,वंंड,False
वंश,वंश,True
वंशधर,वंश्ध,False
वंशवाद,वाशावा,False
वंशवाद,वंश्वा,False
वंशवाद,वंश्वव,False
वंशवा,वंश्व,False
वजूद,वजूद,True
वजूद,वाजु,False
वजूद,वजूद,True
वडाली,वादली,False
वडाली,वादली,False
वडाली,वादली,False
वनिता,वनीता,False
वरेण्,वरीने,False
वरेण्,वरेेय,False
वर्ण,वर्न,False
वर्ण,वर्न,False
वर्णित,वर्णित,True
वर्तमा,वर्तमन,False
वर्तमा,वर्तमन,False
वर्तमान,वर्तमान,True
वर्तमा,वर्तमन,False
वर्द्धम,वर्धमान,False
वर्द्धम,वर्धमान,False
वर्द्ध,वर्धमन,False
वर्बल,वेरबल,False
वर्शन,वर्षण,False
वर्श,वारण,False
वर्शन,वर्षण,False
वर्शन,वर्सि,False
वर्साच,वरस्चे,False
वर्साचे,वरस््या,False
वर्साचे,वास्चेर,False
वल्क,वाकन,False
वल्कन,वाक्क,False
वल्कन,वेलकन,False
वश,वा,False
वशीकरण,वाषीकर,False
वांगचुक,वांचंुक,False
वांगचुक,वांच्छु,False
वांगचुक,वांचुुक,False
वांट,वांट,True
वाइज,विजे,False
वाइज,विजे,False
वाइ,विज,False
वाटर,वाटर,True
वाटर,वेटर,False
वाटसन,वाटसो,False
वाटसन,वत्तस,False
वाण,वान,False
वाण,वान,False
वाणों,वानों,False
वाणो,वनों,False
वाणो,वनों,False
वातानुकूल,वतानुकुलन,False
वातानुकूल,वतुुूकलनन,False
वादक,वादक,True
वादक,वडाक,False
वादियों,वादियों,True
वादियों,वादियों,True
वादियों,वादियों,True
वायना,वयनना,False
वायना,वायना,True
वायना,वायना,True
वायरलेस,वायरलेस,True
वायरलेस,वायरलाइ,False
वारियर,वारियर,True
वारियर,वारर्स,False
वाल्व,वाल्व,True
वाल्व,वॉल्व,False
वास्तविक,वास्तविक,True
वास्तविक,वास्तविक,True
वाहिकाएं,वाहिकाएं,True
वाहिकाए,वहिकाएं,False
वाहिकाएं,वाहिकाएं,True
विंटर,विंटर,True
विंसेंट,विंसेंट,True
विकल्पों,विकल्पों,True
विकेट,विकेट,True
विक्रमजीत,विक्रमजीत,True
विक्रमजीत,विक्रमजित,False
विचारकों,विचारकों,True
विचारकों,विचारकों,True
विज्ञान,विज्ञान,True
विज्ञानी,विज्ञानी,True
विज्ञानी,विज्ञानी,True
विज्ञानों,विज्ञानों,True
विज्ञानों,विज्ञानों,True
विट्ठ,विथलल,False
विठ्ठ,विथेल,False
विठ्ठ,विथलल,False
वितर्,वितरक,False
विद्या,विधाएं,False
विद्याएं,विद्याएं,True
विद्याएं,विद्याएं,True
विद्या,विधाओं,False
विद्याओं,विद्याओं,True
विद्याओं,विद्याओं,True
विधानसभाएं,विवंश्भाएं,False
विधानसभाएं,विवंश्भाएं,False
विधिवत,विधिवत,True
विधुत,विध्य,False
विनष्ट,विनाश्,False
विनीत,विनित,False
विनीत,विनित,False
विपरीतता,विप्रेता,False
विपरीतता,विप्रतता,False
विप्र,विप्र,True
विप्रो,विप्रो,True
विप्र,वियरो,False
विभा,विभा,True
विभाजक,विभाजक,True
विभ्रम,विभरमम,False
विभ्रम,विभ्रम,True
विभ्रम,विब्रम,False
विमर्श,विमर्श,True
विमर्शों,विमार्शो,False
विमर्शों,विमार्षो,False
विराजती,विराजती,True
विरेचन,विरेचन,True
विरोध,विरोध,True
विरोधाभासी,विरोधाभासी,True
विरोधाभासो,विरोधासभों,False
विविध,विविध,True
विवेकहीन,विवेखानी,False
विवेकही,विवेखनी,False
विशेषण,विशेषण,True
विशेषणों,विशेषणों,True
विशेषाधिकार,विशेषाधिकार,True
विशेषाधिकार,विशेषाधिकार,True
विश्वसनी,विश्वनीय,False
विश्वसनीय,विश्वासनी,False
विश्वसनीयता,विश्वासियता,False
विश्वसनीयता,विश्वन्वालि,False
विषहीन,विशाही,False
विषही,विष्ण,False
विष्णु,विषाणु,False
विष्णु,विष्णु,True
वीएलसी,वेल्सी,False
वीक्स,विक्स,False
वीरचंद,विरचंं,False
वीरचंद,विरचंं,False
वीरेश,वीरेश,True
वीरेश,विरेश,False
वृत्तों,वृत्तों,True
वृत्त,वृतों,False
वृत्तों,वृत्तों,True
वेंकटरमन,वेंकटममन,False
वेंकटरमन,वेंकटरमम,False
वेड,वेड,True
वेड,वाे,False
वेड,वेड,True
वेडिंग,वेडिंग,True
वेदियों,वेडियों,False
वेदों,वेडों,False
वेनेजुएल,वेजेनुला,False
वेरोनिका,वेरोनिका,True
वेरोनिका,वेरोनिका,True
वेरोनिका,वेरोनिका,True
वेलवेट,वेलवेट,True
वेलवेट,वेलवेट,True
वेल्डर,वेल्डर,True
वेल्डर,वेल्डर,True
वेल्डिंग,वेल्डिंग,True
वेल्थ,वेल्थ,True
वेल्लू,वेल्लू,True
वेल्ल,वेलूर,False
वेश,वेश,True
वेस्टिंग,वास्टिंग,False
वेस्टिंग,वेस्टिंग,True
वेस्टिंगहा,वास्टियोंस,False
वेस्टिंगहा,वेंटेसियुस,False
वेस्ल,वैसले,False
वेस्ल,वेसले,False
वेस्ल,वेसले,False
वैज्ञानिक,वैज्ञानिक,True
वैज्ञानिक,वैज्ञानिक,True
वैज्ञानिक,वेज्ञानिक,False
वैज्ञानिकता,वैजीनियाकता,False
वैज्ञानिकता,वैजीनियाकता,False
वैज्ञानिकता,वैजीनियाक्त,False
वैत्रवती,वात्रावत,False
वैत्रवती,वात्रावत,False
वैमनस्य,वैमानसी,False
वैमनस्य,वैमानस्,False
वैमनस्य,वैमैन्य,False
वैरी,वेरी,False
वैशाख,वैसाख,False
वैशाख,वैशाख,True
वैशाखी,वैशाखी,True
वैशाख,वैशकी,False
वैष्णोदेवी,वैश्नेदेवी,False
व्यक्तिगत,व्यक्तिगत,True
व्यग्र,व्याग्,False
व्यग्र,व्याग्,False
व्यतीत,व्याति,False
व्यतीत,व्यतित,False
व्यभिचार,व्याभाचर,False
व्यभिचार,व्याभाचा,False
व्यवधान,व्यवाधन,False
व्यवधा,व्यवधन,False
व्यवहारगत,व्यवहार्ग,False
व्यवहारग,व्यवर्गत,False
व्याघात,व्याघात,True
व्यापक,व्यापक,True
व्लाद,व्लाड,False
व्लाद,व्लाड,False
व्लादिमी,व्लादीिर,False
शंघाई,शंंघा,False
शतपथ,शापत,False
शनिवार,शानीवर,False
शनिवार,शानीवर,False
शबाना,शाबना,False
शबान,शबना,False
शब्दार,शब्द्र,False
शमाद,शमान,False
शमादान,क्षमान,False
शमिताभ,शामिता,False
शमिल,शमिल,True
शमिल,श्मि,False
शराबो,शरबों,False
शराबों,श्बाों,False
शरारत,शरारत,True
शरारत,शरर्त,False
शर्मान,शर्मना,False
शहरवासियों,शहरवासियों,True
शहरवासियों,शहरवासियों,True
शहरवासियों,शेरवासियों,False
शहादरा,शाहदार,False
शांतिकाल,शानतीकाल,False
शांतिकाल,शांतिकाल,True
शाओ,शाओ,True
शा,शा,True
शाकिर,शाकिर,True
शाकिर,शकीीर,False
शाखाएं,शाखाएं,True
शाखाएं,शखायां,False
शाखाए,शखाएं,False
शाय,शयक,False
शावकों,शावकों,True
शावकों,शावकों,True
शावकों,शावकों,True
शासक,शासक,True
शास,शाक,False
शासको,साकों,False
शासकों,साककों,False
शासको,शाकों,False
शिप्र,शिप्र,True
शिर्क,शिरके,False
शीर्षकों,शीर्षकों,True
शीर्षकों,शिराककों,False
शीर्षकों,शिर्ककों,False
शुजात,शुजात,True
शुजा,शूजत,False
शुटिंग,शूटिंग,False
शुटिंग,श्टिजि,False
शुड,शौल,False
शुड,शुद,False
शुभंकर,शुभांक,False
शुमाली,शुमाली,True
शुमाली,शुमाली,True
शृंगार,श्रींग,False
शृंगार,श्रींग,False
शृंगार,श्रंगर,False
शेलिंग,शेलिंग,True
शेलिंग,शेलिंग,True
शैली,शैली,True
शैली,शल्य,False
शैली,शीली,False
शैशव,शैशव,True
शॉन,सिन,False
शॉन,शौन,False
शॉन,श्न,False
शोर्ट,शोर्ट,True
श्यो,सूरे,False
श्रंखला,श्रंंखल,False
श्रंखला,श्रंखला,True
श्रंखल,शृंखला,False
श्रंखलाओं,श्रृंखाओं,False
श्रंखलाओ,शृंखलाओं,False
श्रंखलाओ,शृंखलाओं,False
श्रावण,श्रवणी,False
श्रीकर,श्रीका,False
श्रीखंड,श्रीखंं,False
श्रीमति,श्रीमति,True
श्रीरा,श्रीमा,False
श्रीर,श्रीम,False
श्रोताओं,श्रोताओं,True
षट,शत,False
संख्याएं,संख्याएं,True
संख्याएं,संख्याएं,True
संख्याएं,संख्याएं,True
संघनित,संघानि,False
संघनित,संंहित,False
संचयन,संचाय,False
संचार,संंचर,False
संचारी,संचारी,True
संचारी,संचारी,True
संचालनों,संचालनों,True
संचालनो,संचानों,False
संजय,संजय,True
संजीवन,संजीवन,True
संजीवन,संजीवन,True
संतति,संतती,False
संदर्भ,संदर्भ,True
संदर्भ,संंद्भ,False
संदर्भ,संद्रभ,False
संदर्भों,संदर्भों,True
संदर्भों,संद्रभों,False
संदली,संदली,True
संदली,संदली,True
संधा,संधन,False
संप्रति,समप्रती,False
संप्रति,सामप्रत,False
संप्रभु,संप्रभू,False
संप्रभु,संप्रभू,False
संप्रभुता,संम्रभूता,False
संप्रभुता,संम्रभूता,False
संबित,संबित,True
संभालन,संभाले,False
संभालन,संभाले,False
संभ्रा,संभररत,False
संभ्रां,संभारनत,False
संयुक,सायोग,False
संयुक्त,सान्युक,False
संयुक्त,सांयुक्,False
संयुक्ता,सांयुक्त,False
संयोगवश,सान्योग,False
संयोजन,संयोजन,True
संयोजनों,संयोजनों,True
संयोजनों,सं्योजनो,False
संवेदीकरण,संवेदीररण,False
संवेदीकर,संवेंदीर,False
संशयों,समश्यो,False
संशयों,संश्यो,False
संशयों,संश्यो,False
संस्का,संस्कर,False
संस्का,संस्कर,False
संस्कारी,संस्कारी,True
संस्कारी,संस्कारी,True
संस्कृत,संस्कृत,True
संस्कृत,संस्कूर,False
संस्कृतियां,संस्कृतियां,True
संस्कृतियां,संस्कृतियां,True
संस्कृतियों,संस्कृतियों,True
संस्कृतियों,संस्कृतियों,True
संस्थित,सनस्थित,False
संस्थित,संस्थित,True
संस्थित,संस्नीथ,False
संस्थिता,संस्थिता,True
सकरा,सकार,False
सकरा,सकका,False
सक्शन,सक्षण,False
सक्शन,स्क्श,False
सच्चिदानं,सच्चिदेनद,False
सच्चिदानं,स्चिदेंदन,False
सच्चिदान,सच्चेदनद,False
सज्जा,सज्जा,True
सत,सा,False
सतपाल,सत्पा,False
सतलुज,सत्लू,False
सताने,सताने,True
सतान,सतने,False
सते,साट,False
सत्ती,सत्ती,True
सत्वत,सातवत,False
सदानंद,सादनंद,False
सपने,सपने,True
सपने,सपने,True
सपने,सपने,True
सपरिवार,सापीरवा,False
सपरिवार,सपरीवार,False
सपरिवार,स्पारीव,False
सपाट,सपात,False
सपा,सपत,False
सपाट,सपते,False
सपाटे,सापते,False
सप्तक्रांत,सप्त्रकंति,False
सप्तक्रांत,सप्त्रकंती,False
सप्तपदी,सप्तापा,False
सप्तपदी,सप्पताद,False
सप्तरी,सप्तरी,True
सप्रमाण,सप्रमान,False
सप्रमा,सप्रमण,False
सबमिट,सुबित,False
सबमिशन,सामिसि,False
सबमिशन,स्बिशन,False
सभाएं,सभाएं,True
सभाएं,सभाएं,True
सभाएं,सभाएं,True
सभाए,सभें,False
सभासदों,सभासवों,False
सभ्यता,सभ्यता,True
समझूंगा,समझूंगा,True
समझूंगा,समझूंगा,True
समझूंग,समंंगा,False
समन,साम,False
समन्वयक,सामानवय,False
समन्वयक,सामनवयक,False
समन्वयक,साम्नवय,False
समाधा,समाधन,False
समाधा,समाधन,False
समाधियों,समाधियों,True
समाधियों,समद्जजिय,False
समालखा,समलाखा,False
समालखा,समलाखा,False
समाहा,समहार,False
समाहा,समहहर,False
समितियां,समितियां,True
समेटती,समेटटी,False
समेटत,समेटी,False
सरका,सारक,False
सरका,सरका,True
सरकारे,सरकरें,False
सरकारे,सरकरें,False
सरकारों,सरकारों,True
सरकारों,सरकारों,True
सरगना,सर्गन,False
सरगनाओं,सर्गानो,False
सरगी,सर्ग,False
सरगुजा,सर्गजा,False
सरगुजा,सर्जगा,False
सरसा,सारस,False
सरसा,सारस,False
सरहिंद,सारीहं,False
सरहिंद,साहिंद,False
सरहिंद,सिरहिं,False
सराहा,सराहा,True
सराह,सराह,True
सराही,सराही,True
सराही,सराही,True
सलाहका,सलाहकर,False
सलाहका,सलाहकर,False
सलाहका,सलाहकर,False
सलीब,सलीब,True
सलीब,सालि,False
सलेक्ट,सेलेक्,False
सल्तनत,सल्टना,False
सल्तनत,साल्टन,False
सवाल,सवाल,True
सवाल,सवाल,True
सवाल,सवाल,True
सवाल,सवाल,True
सहकलाकार,सहकलाकार,True
सहकलाका,सहकलाकर,False
सहकलाका,सहकलाकर,False
सहदेव,सहादे,False
सहदेव,सहदेव,True
सहरावत,सहरावत,True
सहरावत,शेरवाव,False
सहूलियत,सहूलिता,False
सहूलियत,सहुलियत,False
सहूलियत,सहुलियत,False
सांकेतिक,सांकटिका,False
सांकेतिक,संंटीकिक,False
साइमंस,सैमांस,False
साइमंस,सिमोंस,False
साइमंस,सायंंस,False
साइम,सैमा,False
सागरिका,सगगारिक,False
सागरिका,सागरिका,True
सागा,सागा,True
साजन,साजन,True
साज,सजन,False
साजसज्ज,साजसजजा,False
साजसज्,सजजजजा,False
साज,सजा,False
साथसा,साथाप,False
साथसा,सतथाथ,False
साथिया,साथिया,True
साबाह,साबाह,True
साबा,सबाह,False
सामंजस्,समांज्य,False
सामंजस्,समानज्य,False
साम,समो,False
साम,समो,False
सायं,सायन,False
सायं,सायन,False
सायं,सैयम,False
सायरा,सैयरा,False
सायरा,सायरा,True
सायरा,सायरा,True
साल्व,साल्व,True
साहब,सहाब,False
सिंगापुर,सिंगाइपर,False
सिंगार,सिंगार,True
सिंगार,सिंगार,True
सिंगा,सिंगर,False
सिंघाड़े,सिंहडड़े,False
सिंघाड़,सिंहडेड,False
सिंघाड़,सिंहडेड,False
सिंघा,सिंहर,False
सिंघी,सिंही,False
सिंहा,सिंहा,True
सिंहा,सिन्ह,False
सिएरा,सीयरा,False
सिएरा,सियरा,False
सिकुड,सिकुड,True
सिगनल्स,सिजनल्स,False
सिगरेटों,साइग्रेट,False
सिगरेटों,सिइट्टटन,False
सिद्धवट,सिद्धिव,False
सिद्धवट,सिद्धवव,False
सिद्धवट,सिद्धवव,False
सिनाबंग,सिनाबंग,True
सिनेप्,सिनपेस,False
सिपा,सिफा,False
सिपा,सिया,False
सिपाहियों,सिपाहियों,True
सिपाही,सिपाही,True
सिम,सिम,True
सिमट,सीमत,False
सिमटत,सिमता,False
सिमटता,सिमतता,False
सिमटत,सिमता,False
सिमटत,सिमता,False
सिमटे,सीमें,False
सिमटे,सिमाट,False
सिमी,सीमी,False
सिमी,सिमी,True
सिम्स,सिम्स,True
सियासी,सियासी,True
सियाह,सियाह,True
सियाह,सीयाह,False
सिरपुर,सिरपुर,True
सिवा,सिवन,False
सिवा,सीवन,False
सिसवा,सिस्व,False
सिसवा,सिस्व,False
सीआ,सील,False
सीएसआई,सीएईएस,False
सीकर,सिकर,False
सीटें,सीटें,True
सीतारा,सीतारम,False
सीताहरण,सीताहान,False
सीपीएम,सीपीएम,True
सीपीएस,सीएीएम,False
सीबीएस,कीसीएस,False
सीम,सीम,True
सीम,सिम,False
सील्ड,सीलेड,False
सील्ड,शिल्ड,False
सीसीडी,सीसीडी,True
सुगमता,सुगमता,True
सुगमत,सुमता,False
सुजे,सूजन,False
सुजेन,सूजें,False
सुजेन,सुकेन,False
सुजैन,सुजाइ,False
सुझाती,सुझाती,True
सुझात,सुझती,False
सुतली,सुताल,False
सुतली,सूतली,False
सुता,सूता,False
सुदीप,स्दीप,False
सुदीप,सुदीप,True
सुधारगृह,सुधाराग्,False
सुधारगृह,सुधारहगी,False
सुधारगृह,सुधारगगृ,False
सुनारों,सुनारों,True
सुनारो,सुनरों,False
सुनासीर,सुनासीर,True
सुनासीर,सुनासिर,False
सुनीति,सुनीति,True
सुनीति,सुनीति,True
सुनेगा,सुनेगा,True
सुनेगा,सुनेगा,True
सुपरहिट,सुपरीति,False
सुपाच्,सुपचची,False
सुपाच्य,सुपच्चा,False
सुपाच्,सुपचचे,False
सुभाय,सुभाय,True
सुभाय,सुभाय,True
सुरवीन,सूर्वी,False
सुरवीन,सूवरीन,False
सुराणा,सुराना,False
सुलखान,सुल्खन,False
सुलझाई,सुलझाय,False
सुलझाई,सुलजाय,False
सुलझाई,सुलझाई,True
सुलझाई,सुलझाई,True
सुलताना,सुल्तान,False
सुलाती,सुलाती,True
सुलाती,सुलाती,True
सुसंस्कृत,सुसंस्कृत,True
सुसंस्कृ,सुससंकृत,False
सुहागिन,सुहागीन,False
सूंड,सूंद,False
सूंड,सुंड,False
सूइया,सुयान,False
सूखती,सूखती,True
सूखती,सूखती,True
सूखाकर,सुखाकर,False
सूचक,सूचक,True
सूचक,सुचक,False
सूजा,सूजा,True
सूजा,सूजा,True
सूबा,सुबा,False
सूब,सबे,False
सूरज,सूरज,True
सूरज,सुरा,False
सूरीनाम,सुरिणाम,False
सूरीनाम,सुरिणाम,False
सूरीनाम,सुरिनमम,False
सूर्यदेव,सूर्यादे,False
सेंधा,सेंधा,True
सेंवई,सेंवा,False
सेंवई,सेवाई,False
सेंसिंग,सेंसिंग,True
सेक्सुअ,सेक्सुल,False
सेटरडे,सतुर्द,False
सेटी,सेती,False
सेटो,सेटो,True
सेथ,सेठ,False
सेफ्टी,सेे्टी,False
सेमिन,सीमेन,False
सेमिन,सेमिन,True
सेल्फ,सेल्फ,True
सेल्फी,सेल्फि,False
सेव,साव,False
सेव,सेव,True
सेवकों,सेवकों,True
सेवकों,सेवकों,True
सैम्युल,सामूल्स,False
सैलरी,सेलरी,False
सैलरी,सालार,False
सॉकर,साकर,False
सॉकर,सोकर,False
सॉकर,सॉसर,False
सॉन्ग्,सांग्स,False
सॉलिसिटर,सोलिसिटर,False
सोचने,सोचने,True
सोचने,सोचने,True
सोनू,सोनू,True
सोमा,सोमा,True
सोमा,स्मा,False
सोमी,सोमी,True
सोय,सोय,True
सोया,सोया,True
सोलिटेय,सोलीइटर,False
सोहराई,सोहराई,True
सोहराई,सोहराई,True
सोहावल,सोहवाल,False
सोहावल,सोहवाल,False
सौंपने,सौनपने,False
सौंपन,सोनेन,False
स्काला,स्काला,True
स्काल,सकलला,False
स्की,स्की,True
स्कूटरों,स्कूटरों,True
स्कूटरों,स्कूटरों,True
स्कूटरों,स्कूतरों,False
स्कैंडिनेवि,स्केंडिनावा,False
स्कैनिंग,स्काइनिं,False
स्कैनिंग,स्कननिंग,False
स्क्व,स्क्श,False
स्क्व,स्क्श,False
स्खलन,स्खलन,True
स्टैन,स्टेन,False
स्टै,स्टन,False
स्टॉप,स्टोप,False
स्टॉप्स,स्टोप्स,False
स्टोन,स्टोन,True
स्ट्रास,स्ट्रास,True
स्ट्रास,स्ट्रेस,False
स्ट्रे,स्टारा,False
स्ट्रे,स्ट्रे,True
स्ट्रे,स्टररे,False
स्ट्रोक्स,स्ट्रोक्स,True
स्ट्रोक्स,स्ट्रोक्स,True
स्तन,स्टन,False
स्तनधारी,स्थानारी,False
स्तनधार,स्थंधरी,False
स्तनधार,स्थंंरी,False
स्तिथि,स्थिति,False
स्तिथि,स्थिथी,False
स्तुति,स्टूटी,False
स्थितियां,स्थितियां,True
स्थितियां,स्थितियां,True
स्थितियों,स्थितियों,True
स्थूल,स्थूल,True
स्थूल,स्थूल,True
स्थूलता,स्थूलता,True
स्थूलता,स्थुलता,False
स्नीकर्स,स्नेकर्स,False
स्नीकर्,सिंकर्स,False
स्नीकर्,सिनक्रर,False
स्पीयर,स्पीइर,False
स्पेल,स्पेल,True
स्पेलर,स्पाइल,False
स्पेलर,स्पेलर,True
स्प्रिट,स्प्रिं,False
स्प्रिट,स्प्रित,False
स्प्रे,स्प्रे,True
स्प्रे,स्पीआर,False
स्फूर्ति,स्फूर्ती,False
स्फूर्ति,स्फूरीती,False
स्फूर्ति,स्फूर्ति,True
स्लाइड,स्लाइड,True
स्लाइड,स्लीडर,False
स्लाइडो,स्लैडडो,False
स्लाइडो,स्लीडों,False
स्लाइड्स,स्लिडर्स,False
स्लाइड्,स्लीड्स,False
स्लाइ,स्लेस,False
स्लैश,स्लाश,False
स्वरुपों,स्वरूपों,False
स्वरुपों,स्वरूपों,False
स्व,स्व,True
स्वाचालित,स्वाचललित,False
स्वाचालि,स्वचललित,False
स्वार्थपरक,स्वार्थपार,False
स्वार्थपरक,स्वर्थपारक,False
स्विफ्टले,स्विफलल्ट,False
स्विफ्टल,स्विफल्ट,False
स्वीकारत,स्वीकरेट,False
स्वीकारते,स्विकार्ट,False
स्वीट,स्वीत,False
स्वीप,स्वीप,True
स्वेच्छा,स्वेच्छा,True
स्वेच्छा,स्वेच्छा,True
स्वेच्छा,स्वेच्छा,True
स्वेता,स्वेता,True
स्वै,स्वप,False
स्वैप,स्विइ,False
हंडिया,हंदिया,False
हंडिया,हंदिया,False
हंडिया,हुंडिय,False
हकीकत,हाकित,False
हकीकत,हकीका,False
हथिया,हथिया,True
हमला,हमला,True
हमला,हमला,True
हमलावर,महालवर,False
हमलावर,हमलवार,False
हमलावर,हुमलाव,False
हमाल,हमाल,True
हमा,हमल,False
हरक्यूल,हरक्लेस,False
हरदास,हरददस,False
हरपाल,हरपाल,True
हरपाल,हर्पा,False
हरवंश,हर्वं,False
हरावल,हरवाल,False
हरावल,हरावा,False
हरिकेन,हर्किन,False
हरिजन,हरीजन,False
हरियाली,हरियाली,True
हर्षित,हर्शित,False
हल्दी,हाल्ड,False
हल्ल,हलला,False
हवामहल,हवानाह,False
हवाला,हवालत,False
हवाला,हवालत,False
हसीनों,हसीनों,True
हसीनों,हसीनों,True
हां,हान,False
हां,हान,False
हांफते,हांफेट,False
हांफत,हाफते,False
हांफते,हैंफटे,False
हाइमन,हिगमा,False
हाइमन,हाइमे,False
हाड़ौ,हड़ती,False
हानी,हानी,True
हानी,हानी,True
हारजीत,हारजीत,True
हारजी,हरजीत,False
हारना,हारना,True
हारन,हरना,False
हारन,हरना,False
हालचाल,हालचलल,False
हालचा,हालचल,False
हालचा,हालचल,False
हालचा,हलचलल,False
हाल्,हललट,False
हाल्ट,हॉल्ट,False
हाहाक,हहककर,False
हिंगिस,हिंगिस,True
हिंडन,हिंदन,False
हिंडन,हिंडो,False
हिजड़ा,हिजड़ा,True
हिजड़ा,हिजड़ा,True
हिजबु,हिजबल,False
हिप्पो,हिप्पो,True
हिप्पोपोटेम,हिप्पोटमापु,False
हिमाल,हिमली,False
हिलने,हिलान,False
हिलने,हिलने,True
हिशा,हिशम,False
हीरागंज,हीरागंज,True
हीरागंज,हिरागंज,False
हीरोज,हिरोस,False
हीरोज,हेरोस,False
हुई,हुई,True
हुईं,हुइन,False
हूपर,हूपर,True
हूपर,हुप्,False
हूपर,ह्पर,False
हेगडे,हेगेड,False
हेमवती,हेमवती,True
हेमवती,हेमवती,True
हेल्प,हेल्प,True
हेल्पर,हेल्पर,True
हैतो,हैतो,True
हैरम,हैरा,False
हैरम,हैरे,False
हैराल्,हेरल्ड,False
हैव,हैइ,False
हैव,हाव,False
हॉन्,होंग,False
हॉफ,हाल,False
हॉफ,होफ,False
होऊंग,होंगा,False
होल्डिंग,होल्डिंग,True
होशंगाबाद,होशनगंबाद,False
होशंगाबाद,होशनगंबाद,False
होस्टेस,होस्टेस,True
होस्टेस,होस्टेस,True
